model_name,dataset_path,dataset_config,horizon,num_windows,initial_cutoff,window_step_size,min_context_length,max_context_length,seasonality,eval_metric,extra_metrics,quantile_levels,id_column,timestamp_column,target,generate_univariate_targets_from,known_dynamic_columns,past_dynamic_columns,static_columns,task_name,test_error,training_time_s,inference_time_s,num_forecasts,dataset_fingerprint,trained_on_this_dataset,fev_version,RMSE,prep_time_s
mean,/Users/rayhanmomin/code/fev-macro/results/processed_standard_h1_first_second_third_w100_20260216/log_real_gdp_dataset_first.parquet,,1,100,-100,1,1,,4,RMSE,[],[],id,timestamp,target,,[],"['A014RE1Q156NBEA', 'A823RL1Q225SBEA', 'AAA', 'AAAFFM', 'ACOGNOx', 'AHETPIx', 'AMDMNOx', 'AMDMUOx', 'ANDENOx', 'AWHMAN', 'AWHNONAG', 'AWOTMAN', 'B020RE1Q156NBEA', 'B021RE1Q156NBEA', 'BAA', 'BAA10YM', 'BOGMBASEREALx', 'BUSINVx', 'BUSLOANSx', 'CE16OV', 'CES0600000007', 'CES0600000008', 'CES2000000008x', 'CES3000000008x', 'CES9091000001', 'CES9092000001', 'CES9093000001', 'CIVPART', 'CLAIMSx', 'CMRMTSPLx', 'CNCFx', 'COMPAPFF', 'COMPRMS', 'COMPRNFB', 'CONSPIx', 'CONSUMERx', 'CP3M', 'CPF3MTB3Mx', 'CPIAPPSL', 'CPIAUCSL', 'CPILFESL', 'CPIMEDSL', 'CPITRNSL', 'CPIULFSL', 'CUMFNS', 'CUSR0000SA0L2', 'CUSR0000SA0L5', 'CUSR0000SAC', 'CUSR0000SAD', 'CUSR0000SAS', 'CUSR0000SEHC', 'DCLORG3Q086SBEA', 'DDURRG3Q086SBEA', 'DFDHRG3Q086SBEA', 'DFSARG3Q086SBEA', 'DFXARG3Q086SBEA', 'DGDSRG3Q086SBEA', 'DGOERG3Q086SBEA', 'DHCERG3Q086SBEA', 'DHLCRG3Q086SBEA', 'DHUTRG3Q086SBEA', 'DIFSRG3Q086SBEA', 'DMANEMP', 'DMOTRG3Q086SBEA', 'DNDGRG3Q086SBEA', 'DODGRG3Q086SBEA', 'DONGRG3Q086SBEA', 'DOTSRG3Q086SBEA', 'DPIC96', 'DRCARG3Q086SBEA', 'DREQRG3Q086SBEA', 'DRIWCIL', 'DSERRG3Q086SBEA', 'DTCOLNVHFNM', 'DTCTHFNM', 'DTRSRG3Q086SBEA', 'EXCAUSx', 'EXJPUSx', 'EXPGSC1', 'EXSZUSx', 'EXUSEU', 'EXUSUKx', 'FEDFUNDS', 'FGRECPTx', 'FPIx', 'GCEC1', 'GDPCTPI', 'GFDEBTNx', 'GFDEGDQ188S', 'GPDIC1', 'GPDICTPI', 'GS1', 'GS10', 'GS10TB3Mx', 'GS1TB3Mx', 'GS5', 'HNOREMQ027Sx', 'HOABS', 'HOAMS', 'HOANBS', 'HOUST', 'HOUST5F', 'HOUSTMW', 'HOUSTNE', 'HOUSTS', 'HOUSTW', 'HWIURATIOx', 'HWIx', 'IMPGSC1', 'INDPRO', 'INVCQRMTSPL', 'INVEST', 'IPB51110SQ', 'IPB51220SQ', 'IPB51222S', 'IPBUSEQ', 'IPCONGD', 'IPDBS', 'IPDCONGD', 'IPDMAT']",[],gdp_saar_first_h1,2.434421712830663,0.0,0.5100705453660339,100,bd2275663897c44f,False,0.7.0,2.434421712830663,0.0
auto_arima,/Users/rayhanmomin/code/fev-macro/results/processed_standard_h1_first_second_third_w100_20260216/log_real_gdp_dataset_first.parquet,,1,100,-100,1,1,,4,RMSE,[],[],id,timestamp,target,,[],"['A014RE1Q156NBEA', 'A823RL1Q225SBEA', 'AAA', 'AAAFFM', 'ACOGNOx', 'AHETPIx', 'AMDMNOx', 'AMDMUOx', 'ANDENOx', 'AWHMAN', 'AWHNONAG', 'AWOTMAN', 'B020RE1Q156NBEA', 'B021RE1Q156NBEA', 'BAA', 'BAA10YM', 'BOGMBASEREALx', 'BUSINVx', 'BUSLOANSx', 'CE16OV', 'CES0600000007', 'CES0600000008', 'CES2000000008x', 'CES3000000008x', 'CES9091000001', 'CES9092000001', 'CES9093000001', 'CIVPART', 'CLAIMSx', 'CMRMTSPLx', 'CNCFx', 'COMPAPFF', 'COMPRMS', 'COMPRNFB', 'CONSPIx', 'CONSUMERx', 'CP3M', 'CPF3MTB3Mx', 'CPIAPPSL', 'CPIAUCSL', 'CPILFESL', 'CPIMEDSL', 'CPITRNSL', 'CPIULFSL', 'CUMFNS', 'CUSR0000SA0L2', 'CUSR0000SA0L5', 'CUSR0000SAC', 'CUSR0000SAD', 'CUSR0000SAS', 'CUSR0000SEHC', 'DCLORG3Q086SBEA', 'DDURRG3Q086SBEA', 'DFDHRG3Q086SBEA', 'DFSARG3Q086SBEA', 'DFXARG3Q086SBEA', 'DGDSRG3Q086SBEA', 'DGOERG3Q086SBEA', 'DHCERG3Q086SBEA', 'DHLCRG3Q086SBEA', 'DHUTRG3Q086SBEA', 'DIFSRG3Q086SBEA', 'DMANEMP', 'DMOTRG3Q086SBEA', 'DNDGRG3Q086SBEA', 'DODGRG3Q086SBEA', 'DONGRG3Q086SBEA', 'DOTSRG3Q086SBEA', 'DPIC96', 'DRCARG3Q086SBEA', 'DREQRG3Q086SBEA', 'DRIWCIL', 'DSERRG3Q086SBEA', 'DTCOLNVHFNM', 'DTCTHFNM', 'DTRSRG3Q086SBEA', 'EXCAUSx', 'EXJPUSx', 'EXPGSC1', 'EXSZUSx', 'EXUSEU', 'EXUSUKx', 'FEDFUNDS', 'FGRECPTx', 'FPIx', 'GCEC1', 'GDPCTPI', 'GFDEBTNx', 'GFDEGDQ188S', 'GPDIC1', 'GPDICTPI', 'GS1', 'GS10', 'GS10TB3Mx', 'GS1TB3Mx', 'GS5', 'HNOREMQ027Sx', 'HOABS', 'HOAMS', 'HOANBS', 'HOUST', 'HOUST5F', 'HOUSTMW', 'HOUSTNE', 'HOUSTS', 'HOUSTW', 'HWIURATIOx', 'HWIx', 'IMPGSC1', 'INDPRO', 'INVCQRMTSPL', 'INVEST', 'IPB51110SQ', 'IPB51220SQ', 'IPB51222S', 'IPBUSEQ', 'IPCONGD', 'IPDBS', 'IPDCONGD', 'IPDMAT']",[],gdp_saar_first_h1,2.4683973438292743,0.0,44.3250017571263,100,bd2275663897c44f,False,0.7.0,2.4683973438292743,0.0
theta,/Users/rayhanmomin/code/fev-macro/results/processed_standard_h1_first_second_third_w100_20260216/log_real_gdp_dataset_first.parquet,,1,100,-100,1,1,,4,RMSE,[],[],id,timestamp,target,,[],"['A014RE1Q156NBEA', 'A823RL1Q225SBEA', 'AAA', 'AAAFFM', 'ACOGNOx', 'AHETPIx', 'AMDMNOx', 'AMDMUOx', 'ANDENOx', 'AWHMAN', 'AWHNONAG', 'AWOTMAN', 'B020RE1Q156NBEA', 'B021RE1Q156NBEA', 'BAA', 'BAA10YM', 'BOGMBASEREALx', 'BUSINVx', 'BUSLOANSx', 'CE16OV', 'CES0600000007', 'CES0600000008', 'CES2000000008x', 'CES3000000008x', 'CES9091000001', 'CES9092000001', 'CES9093000001', 'CIVPART', 'CLAIMSx', 'CMRMTSPLx', 'CNCFx', 'COMPAPFF', 'COMPRMS', 'COMPRNFB', 'CONSPIx', 'CONSUMERx', 'CP3M', 'CPF3MTB3Mx', 'CPIAPPSL', 'CPIAUCSL', 'CPILFESL', 'CPIMEDSL', 'CPITRNSL', 'CPIULFSL', 'CUMFNS', 'CUSR0000SA0L2', 'CUSR0000SA0L5', 'CUSR0000SAC', 'CUSR0000SAD', 'CUSR0000SAS', 'CUSR0000SEHC', 'DCLORG3Q086SBEA', 'DDURRG3Q086SBEA', 'DFDHRG3Q086SBEA', 'DFSARG3Q086SBEA', 'DFXARG3Q086SBEA', 'DGDSRG3Q086SBEA', 'DGOERG3Q086SBEA', 'DHCERG3Q086SBEA', 'DHLCRG3Q086SBEA', 'DHUTRG3Q086SBEA', 'DIFSRG3Q086SBEA', 'DMANEMP', 'DMOTRG3Q086SBEA', 'DNDGRG3Q086SBEA', 'DODGRG3Q086SBEA', 'DONGRG3Q086SBEA', 'DOTSRG3Q086SBEA', 'DPIC96', 'DRCARG3Q086SBEA', 'DREQRG3Q086SBEA', 'DRIWCIL', 'DSERRG3Q086SBEA', 'DTCOLNVHFNM', 'DTCTHFNM', 'DTRSRG3Q086SBEA', 'EXCAUSx', 'EXJPUSx', 'EXPGSC1', 'EXSZUSx', 'EXUSEU', 'EXUSUKx', 'FEDFUNDS', 'FGRECPTx', 'FPIx', 'GCEC1', 'GDPCTPI', 'GFDEBTNx', 'GFDEGDQ188S', 'GPDIC1', 'GPDICTPI', 'GS1', 'GS10', 'GS10TB3Mx', 'GS1TB3Mx', 'GS5', 'HNOREMQ027Sx', 'HOABS', 'HOAMS', 'HOANBS', 'HOUST', 'HOUST5F', 'HOUSTMW', 'HOUSTNE', 'HOUSTS', 'HOUSTW', 'HWIURATIOx', 'HWIx', 'IMPGSC1', 'INDPRO', 'INVCQRMTSPL', 'INVEST', 'IPB51110SQ', 'IPB51220SQ', 'IPB51222S', 'IPBUSEQ', 'IPCONGD', 'IPDBS', 'IPDCONGD', 'IPDMAT']",[],gdp_saar_first_h1,2.5538425747677684,0.0,1.1118948325747624,100,bd2275663897c44f,False,0.7.0,2.5538425747677684,0.0
random_forest,/Users/rayhanmomin/code/fev-macro/results/processed_standard_h1_first_second_third_w100_20260216/log_real_gdp_dataset_first.parquet,,1,100,-100,1,1,,4,RMSE,[],[],id,timestamp,target,,[],"['A014RE1Q156NBEA', 'A823RL1Q225SBEA', 'AAA', 'AAAFFM', 'ACOGNOx', 'AHETPIx', 'AMDMNOx', 'AMDMUOx', 'ANDENOx', 'AWHMAN', 'AWHNONAG', 'AWOTMAN', 'B020RE1Q156NBEA', 'B021RE1Q156NBEA', 'BAA', 'BAA10YM', 'BOGMBASEREALx', 'BUSINVx', 'BUSLOANSx', 'CE16OV', 'CES0600000007', 'CES0600000008', 'CES2000000008x', 'CES3000000008x', 'CES9091000001', 'CES9092000001', 'CES9093000001', 'CIVPART', 'CLAIMSx', 'CMRMTSPLx', 'CNCFx', 'COMPAPFF', 'COMPRMS', 'COMPRNFB', 'CONSPIx', 'CONSUMERx', 'CP3M', 'CPF3MTB3Mx', 'CPIAPPSL', 'CPIAUCSL', 'CPILFESL', 'CPIMEDSL', 'CPITRNSL', 'CPIULFSL', 'CUMFNS', 'CUSR0000SA0L2', 'CUSR0000SA0L5', 'CUSR0000SAC', 'CUSR0000SAD', 'CUSR0000SAS', 'CUSR0000SEHC', 'DCLORG3Q086SBEA', 'DDURRG3Q086SBEA', 'DFDHRG3Q086SBEA', 'DFSARG3Q086SBEA', 'DFXARG3Q086SBEA', 'DGDSRG3Q086SBEA', 'DGOERG3Q086SBEA', 'DHCERG3Q086SBEA', 'DHLCRG3Q086SBEA', 'DHUTRG3Q086SBEA', 'DIFSRG3Q086SBEA', 'DMANEMP', 'DMOTRG3Q086SBEA', 'DNDGRG3Q086SBEA', 'DODGRG3Q086SBEA', 'DONGRG3Q086SBEA', 'DOTSRG3Q086SBEA', 'DPIC96', 'DRCARG3Q086SBEA', 'DREQRG3Q086SBEA', 'DRIWCIL', 'DSERRG3Q086SBEA', 'DTCOLNVHFNM', 'DTCTHFNM', 'DTRSRG3Q086SBEA', 'EXCAUSx', 'EXJPUSx', 'EXPGSC1', 'EXSZUSx', 'EXUSEU', 'EXUSUKx', 'FEDFUNDS', 'FGRECPTx', 'FPIx', 'GCEC1', 'GDPCTPI', 'GFDEBTNx', 'GFDEGDQ188S', 'GPDIC1', 'GPDICTPI', 'GS1', 'GS10', 'GS10TB3Mx', 'GS1TB3Mx', 'GS5', 'HNOREMQ027Sx', 'HOABS', 'HOAMS', 'HOANBS', 'HOUST', 'HOUST5F', 'HOUSTMW', 'HOUSTNE', 'HOUSTS', 'HOUSTW', 'HWIURATIOx', 'HWIx', 'IMPGSC1', 'INDPRO', 'INVCQRMTSPL', 'INVEST', 'IPB51110SQ', 'IPB51220SQ', 'IPB51222S', 'IPBUSEQ', 'IPCONGD', 'IPDBS', 'IPDCONGD', 'IPDMAT']",[],gdp_saar_first_h1,2.470713766552508,0.0,12.002616534475237,100,bd2275663897c44f,False,0.7.0,2.470713766552508,0.0
bvar_minnesota_8,/Users/rayhanmomin/code/fev-macro/results/processed_standard_h1_first_second_third_w100_20260216/log_real_gdp_dataset_first.parquet,,1,100,-100,1,1,,4,RMSE,[],[],id,timestamp,target,,[],"['A014RE1Q156NBEA', 'A823RL1Q225SBEA', 'AAA', 'AAAFFM', 'ACOGNOx', 'AHETPIx', 'AMDMNOx', 'AMDMUOx', 'ANDENOx', 'AWHMAN', 'AWHNONAG', 'AWOTMAN', 'B020RE1Q156NBEA', 'B021RE1Q156NBEA', 'BAA', 'BAA10YM', 'BOGMBASEREALx', 'BUSINVx', 'BUSLOANSx', 'CE16OV', 'CES0600000007', 'CES0600000008', 'CES2000000008x', 'CES3000000008x', 'CES9091000001', 'CES9092000001', 'CES9093000001', 'CIVPART', 'CLAIMSx', 'CMRMTSPLx', 'CNCFx', 'COMPAPFF', 'COMPRMS', 'COMPRNFB', 'CONSPIx', 'CONSUMERx', 'CP3M', 'CPF3MTB3Mx', 'CPIAPPSL', 'CPIAUCSL', 'CPILFESL', 'CPIMEDSL', 'CPITRNSL', 'CPIULFSL', 'CUMFNS', 'CUSR0000SA0L2', 'CUSR0000SA0L5', 'CUSR0000SAC', 'CUSR0000SAD', 'CUSR0000SAS', 'CUSR0000SEHC', 'DCLORG3Q086SBEA', 'DDURRG3Q086SBEA', 'DFDHRG3Q086SBEA', 'DFSARG3Q086SBEA', 'DFXARG3Q086SBEA', 'DGDSRG3Q086SBEA', 'DGOERG3Q086SBEA', 'DHCERG3Q086SBEA', 'DHLCRG3Q086SBEA', 'DHUTRG3Q086SBEA', 'DIFSRG3Q086SBEA', 'DMANEMP', 'DMOTRG3Q086SBEA', 'DNDGRG3Q086SBEA', 'DODGRG3Q086SBEA', 'DONGRG3Q086SBEA', 'DOTSRG3Q086SBEA', 'DPIC96', 'DRCARG3Q086SBEA', 'DREQRG3Q086SBEA', 'DRIWCIL', 'DSERRG3Q086SBEA', 'DTCOLNVHFNM', 'DTCTHFNM', 'DTRSRG3Q086SBEA', 'EXCAUSx', 'EXJPUSx', 'EXPGSC1', 'EXSZUSx', 'EXUSEU', 'EXUSUKx', 'FEDFUNDS', 'FGRECPTx', 'FPIx', 'GCEC1', 'GDPCTPI', 'GFDEBTNx', 'GFDEGDQ188S', 'GPDIC1', 'GPDICTPI', 'GS1', 'GS10', 'GS10TB3Mx', 'GS1TB3Mx', 'GS5', 'HNOREMQ027Sx', 'HOABS', 'HOAMS', 'HOANBS', 'HOUST', 'HOUST5F', 'HOUSTMW', 'HOUSTNE', 'HOUSTS', 'HOUSTW', 'HWIURATIOx', 'HWIx', 'IMPGSC1', 'INDPRO', 'INVCQRMTSPL', 'INVEST', 'IPB51110SQ', 'IPB51220SQ', 'IPB51222S', 'IPBUSEQ', 'IPCONGD', 'IPDBS', 'IPDCONGD', 'IPDMAT']",[],gdp_saar_first_h1,2.499154838100076,0.0,1.1579210065538064,100,bd2275663897c44f,False,0.7.0,2.499154838100076,0.0
bvar_minnesota_growth_8,/Users/rayhanmomin/code/fev-macro/results/processed_standard_h1_first_second_third_w100_20260216/log_real_gdp_dataset_first.parquet,,1,100,-100,1,1,,4,RMSE,[],[],id,timestamp,target,,[],"['A014RE1Q156NBEA', 'A823RL1Q225SBEA', 'AAA', 'AAAFFM', 'ACOGNOx', 'AHETPIx', 'AMDMNOx', 'AMDMUOx', 'ANDENOx', 'AWHMAN', 'AWHNONAG', 'AWOTMAN', 'B020RE1Q156NBEA', 'B021RE1Q156NBEA', 'BAA', 'BAA10YM', 'BOGMBASEREALx', 'BUSINVx', 'BUSLOANSx', 'CE16OV', 'CES0600000007', 'CES0600000008', 'CES2000000008x', 'CES3000000008x', 'CES9091000001', 'CES9092000001', 'CES9093000001', 'CIVPART', 'CLAIMSx', 'CMRMTSPLx', 'CNCFx', 'COMPAPFF', 'COMPRMS', 'COMPRNFB', 'CONSPIx', 'CONSUMERx', 'CP3M', 'CPF3MTB3Mx', 'CPIAPPSL', 'CPIAUCSL', 'CPILFESL', 'CPIMEDSL', 'CPITRNSL', 'CPIULFSL', 'CUMFNS', 'CUSR0000SA0L2', 'CUSR0000SA0L5', 'CUSR0000SAC', 'CUSR0000SAD', 'CUSR0000SAS', 'CUSR0000SEHC', 'DCLORG3Q086SBEA', 'DDURRG3Q086SBEA', 'DFDHRG3Q086SBEA', 'DFSARG3Q086SBEA', 'DFXARG3Q086SBEA', 'DGDSRG3Q086SBEA', 'DGOERG3Q086SBEA', 'DHCERG3Q086SBEA', 'DHLCRG3Q086SBEA', 'DHUTRG3Q086SBEA', 'DIFSRG3Q086SBEA', 'DMANEMP', 'DMOTRG3Q086SBEA', 'DNDGRG3Q086SBEA', 'DODGRG3Q086SBEA', 'DONGRG3Q086SBEA', 'DOTSRG3Q086SBEA', 'DPIC96', 'DRCARG3Q086SBEA', 'DREQRG3Q086SBEA', 'DRIWCIL', 'DSERRG3Q086SBEA', 'DTCOLNVHFNM', 'DTCTHFNM', 'DTRSRG3Q086SBEA', 'EXCAUSx', 'EXJPUSx', 'EXPGSC1', 'EXSZUSx', 'EXUSEU', 'EXUSUKx', 'FEDFUNDS', 'FGRECPTx', 'FPIx', 'GCEC1', 'GDPCTPI', 'GFDEBTNx', 'GFDEGDQ188S', 'GPDIC1', 'GPDICTPI', 'GS1', 'GS10', 'GS10TB3Mx', 'GS1TB3Mx', 'GS5', 'HNOREMQ027Sx', 'HOABS', 'HOAMS', 'HOANBS', 'HOUST', 'HOUST5F', 'HOUSTMW', 'HOUSTNE', 'HOUSTS', 'HOUSTW', 'HWIURATIOx', 'HWIx', 'IMPGSC1', 'INDPRO', 'INVCQRMTSPL', 'INVEST', 'IPB51110SQ', 'IPB51220SQ', 'IPB51222S', 'IPBUSEQ', 'IPCONGD', 'IPDBS', 'IPDCONGD', 'IPDMAT']",[],gdp_saar_first_h1,2.499195346608758,0.0,1.1627671263413504,100,bd2275663897c44f,False,0.7.0,2.499195346608758,0.0
auto_ets,/Users/rayhanmomin/code/fev-macro/results/processed_standard_h1_first_second_third_w100_20260216/log_real_gdp_dataset_first.parquet,,1,100,-100,1,1,,4,RMSE,[],[],id,timestamp,target,,[],"['A014RE1Q156NBEA', 'A823RL1Q225SBEA', 'AAA', 'AAAFFM', 'ACOGNOx', 'AHETPIx', 'AMDMNOx', 'AMDMUOx', 'ANDENOx', 'AWHMAN', 'AWHNONAG', 'AWOTMAN', 'B020RE1Q156NBEA', 'B021RE1Q156NBEA', 'BAA', 'BAA10YM', 'BOGMBASEREALx', 'BUSINVx', 'BUSLOANSx', 'CE16OV', 'CES0600000007', 'CES0600000008', 'CES2000000008x', 'CES3000000008x', 'CES9091000001', 'CES9092000001', 'CES9093000001', 'CIVPART', 'CLAIMSx', 'CMRMTSPLx', 'CNCFx', 'COMPAPFF', 'COMPRMS', 'COMPRNFB', 'CONSPIx', 'CONSUMERx', 'CP3M', 'CPF3MTB3Mx', 'CPIAPPSL', 'CPIAUCSL', 'CPILFESL', 'CPIMEDSL', 'CPITRNSL', 'CPIULFSL', 'CUMFNS', 'CUSR0000SA0L2', 'CUSR0000SA0L5', 'CUSR0000SAC', 'CUSR0000SAD', 'CUSR0000SAS', 'CUSR0000SEHC', 'DCLORG3Q086SBEA', 'DDURRG3Q086SBEA', 'DFDHRG3Q086SBEA', 'DFSARG3Q086SBEA', 'DFXARG3Q086SBEA', 'DGDSRG3Q086SBEA', 'DGOERG3Q086SBEA', 'DHCERG3Q086SBEA', 'DHLCRG3Q086SBEA', 'DHUTRG3Q086SBEA', 'DIFSRG3Q086SBEA', 'DMANEMP', 'DMOTRG3Q086SBEA', 'DNDGRG3Q086SBEA', 'DODGRG3Q086SBEA', 'DONGRG3Q086SBEA', 'DOTSRG3Q086SBEA', 'DPIC96', 'DRCARG3Q086SBEA', 'DREQRG3Q086SBEA', 'DRIWCIL', 'DSERRG3Q086SBEA', 'DTCOLNVHFNM', 'DTCTHFNM', 'DTRSRG3Q086SBEA', 'EXCAUSx', 'EXJPUSx', 'EXPGSC1', 'EXSZUSx', 'EXUSEU', 'EXUSUKx', 'FEDFUNDS', 'FGRECPTx', 'FPIx', 'GCEC1', 'GDPCTPI', 'GFDEBTNx', 'GFDEGDQ188S', 'GPDIC1', 'GPDICTPI', 'GS1', 'GS10', 'GS10TB3Mx', 'GS1TB3Mx', 'GS5', 'HNOREMQ027Sx', 'HOABS', 'HOAMS', 'HOANBS', 'HOUST', 'HOUST5F', 'HOUSTMW', 'HOUSTNE', 'HOUSTS', 'HOUSTW', 'HWIURATIOx', 'HWIx', 'IMPGSC1', 'INDPRO', 'INVCQRMTSPL', 'INVEST', 'IPB51110SQ', 'IPB51220SQ', 'IPB51222S', 'IPBUSEQ', 'IPCONGD', 'IPDBS', 'IPDCONGD', 'IPDMAT']",[],gdp_saar_first_h1,2.6501091653481126,0.0,3.34354070876725,100,bd2275663897c44f,False,0.7.0,2.6501091653481126,0.0
mixed_freq_dfm_md,/Users/rayhanmomin/code/fev-macro/results/processed_standard_h1_first_second_third_w100_20260216/log_real_gdp_dataset_first.parquet,,1,100,-100,1,1,,4,RMSE,[],[],id,timestamp,target,,[],"['A014RE1Q156NBEA', 'A823RL1Q225SBEA', 'AAA', 'AAAFFM', 'ACOGNOx', 'AHETPIx', 'AMDMNOx', 'AMDMUOx', 'ANDENOx', 'AWHMAN', 'AWHNONAG', 'AWOTMAN', 'B020RE1Q156NBEA', 'B021RE1Q156NBEA', 'BAA', 'BAA10YM', 'BOGMBASEREALx', 'BUSINVx', 'BUSLOANSx', 'CE16OV', 'CES0600000007', 'CES0600000008', 'CES2000000008x', 'CES3000000008x', 'CES9091000001', 'CES9092000001', 'CES9093000001', 'CIVPART', 'CLAIMSx', 'CMRMTSPLx', 'CNCFx', 'COMPAPFF', 'COMPRMS', 'COMPRNFB', 'CONSPIx', 'CONSUMERx', 'CP3M', 'CPF3MTB3Mx', 'CPIAPPSL', 'CPIAUCSL', 'CPILFESL', 'CPIMEDSL', 'CPITRNSL', 'CPIULFSL', 'CUMFNS', 'CUSR0000SA0L2', 'CUSR0000SA0L5', 'CUSR0000SAC', 'CUSR0000SAD', 'CUSR0000SAS', 'CUSR0000SEHC', 'DCLORG3Q086SBEA', 'DDURRG3Q086SBEA', 'DFDHRG3Q086SBEA', 'DFSARG3Q086SBEA', 'DFXARG3Q086SBEA', 'DGDSRG3Q086SBEA', 'DGOERG3Q086SBEA', 'DHCERG3Q086SBEA', 'DHLCRG3Q086SBEA', 'DHUTRG3Q086SBEA', 'DIFSRG3Q086SBEA', 'DMANEMP', 'DMOTRG3Q086SBEA', 'DNDGRG3Q086SBEA', 'DODGRG3Q086SBEA', 'DONGRG3Q086SBEA', 'DOTSRG3Q086SBEA', 'DPIC96', 'DRCARG3Q086SBEA', 'DREQRG3Q086SBEA', 'DRIWCIL', 'DSERRG3Q086SBEA', 'DTCOLNVHFNM', 'DTCTHFNM', 'DTRSRG3Q086SBEA', 'EXCAUSx', 'EXJPUSx', 'EXPGSC1', 'EXSZUSx', 'EXUSEU', 'EXUSUKx', 'FEDFUNDS', 'FGRECPTx', 'FPIx', 'GCEC1', 'GDPCTPI', 'GFDEBTNx', 'GFDEGDQ188S', 'GPDIC1', 'GPDICTPI', 'GS1', 'GS10', 'GS10TB3Mx', 'GS1TB3Mx', 'GS5', 'HNOREMQ027Sx', 'HOABS', 'HOAMS', 'HOANBS', 'HOUST', 'HOUST5F', 'HOUSTMW', 'HOUSTNE', 'HOUSTS', 'HOUSTW', 'HWIURATIOx', 'HWIx', 'IMPGSC1', 'INDPRO', 'INVCQRMTSPL', 'INVEST', 'IPB51110SQ', 'IPB51220SQ', 'IPB51222S', 'IPBUSEQ', 'IPCONGD', 'IPDBS', 'IPDCONGD', 'IPDMAT']",[],gdp_saar_first_h1,2.6409439124166965,0.0,0.9108845829032362,100,bd2275663897c44f,False,0.7.0,2.6409439124166965,0.0
chronos2,/Users/rayhanmomin/code/fev-macro/results/processed_standard_h1_first_second_third_w100_20260216/log_real_gdp_dataset_first.parquet,,1,100,-100,1,1,,4,RMSE,[],[],id,timestamp,target,,[],"['A014RE1Q156NBEA', 'A823RL1Q225SBEA', 'AAA', 'AAAFFM', 'ACOGNOx', 'AHETPIx', 'AMDMNOx', 'AMDMUOx', 'ANDENOx', 'AWHMAN', 'AWHNONAG', 'AWOTMAN', 'B020RE1Q156NBEA', 'B021RE1Q156NBEA', 'BAA', 'BAA10YM', 'BOGMBASEREALx', 'BUSINVx', 'BUSLOANSx', 'CE16OV', 'CES0600000007', 'CES0600000008', 'CES2000000008x', 'CES3000000008x', 'CES9091000001', 'CES9092000001', 'CES9093000001', 'CIVPART', 'CLAIMSx', 'CMRMTSPLx', 'CNCFx', 'COMPAPFF', 'COMPRMS', 'COMPRNFB', 'CONSPIx', 'CONSUMERx', 'CP3M', 'CPF3MTB3Mx', 'CPIAPPSL', 'CPIAUCSL', 'CPILFESL', 'CPIMEDSL', 'CPITRNSL', 'CPIULFSL', 'CUMFNS', 'CUSR0000SA0L2', 'CUSR0000SA0L5', 'CUSR0000SAC', 'CUSR0000SAD', 'CUSR0000SAS', 'CUSR0000SEHC', 'DCLORG3Q086SBEA', 'DDURRG3Q086SBEA', 'DFDHRG3Q086SBEA', 'DFSARG3Q086SBEA', 'DFXARG3Q086SBEA', 'DGDSRG3Q086SBEA', 'DGOERG3Q086SBEA', 'DHCERG3Q086SBEA', 'DHLCRG3Q086SBEA', 'DHUTRG3Q086SBEA', 'DIFSRG3Q086SBEA', 'DMANEMP', 'DMOTRG3Q086SBEA', 'DNDGRG3Q086SBEA', 'DODGRG3Q086SBEA', 'DONGRG3Q086SBEA', 'DOTSRG3Q086SBEA', 'DPIC96', 'DRCARG3Q086SBEA', 'DREQRG3Q086SBEA', 'DRIWCIL', 'DSERRG3Q086SBEA', 'DTCOLNVHFNM', 'DTCTHFNM', 'DTRSRG3Q086SBEA', 'EXCAUSx', 'EXJPUSx', 'EXPGSC1', 'EXSZUSx', 'EXUSEU', 'EXUSUKx', 'FEDFUNDS', 'FGRECPTx', 'FPIx', 'GCEC1', 'GDPCTPI', 'GFDEBTNx', 'GFDEGDQ188S', 'GPDIC1', 'GPDICTPI', 'GS1', 'GS10', 'GS10TB3Mx', 'GS1TB3Mx', 'GS5', 'HNOREMQ027Sx', 'HOABS', 'HOAMS', 'HOANBS', 'HOUST', 'HOUST5F', 'HOUSTMW', 'HOUSTNE', 'HOUSTS', 'HOUSTW', 'HWIURATIOx', 'HWIx', 'IMPGSC1', 'INDPRO', 'INVCQRMTSPL', 'INVEST', 'IPB51110SQ', 'IPB51220SQ', 'IPB51222S', 'IPBUSEQ', 'IPCONGD', 'IPDBS', 'IPDCONGD', 'IPDMAT']",[],gdp_saar_first_h1,2.6166891450434924,0.0,70.48219070862979,100,bd2275663897c44f,False,0.7.0,2.6166891450434924,0.0
xgboost,/Users/rayhanmomin/code/fev-macro/results/processed_standard_h1_first_second_third_w100_20260216/log_real_gdp_dataset_first.parquet,,1,100,-100,1,1,,4,RMSE,[],[],id,timestamp,target,,[],"['A014RE1Q156NBEA', 'A823RL1Q225SBEA', 'AAA', 'AAAFFM', 'ACOGNOx', 'AHETPIx', 'AMDMNOx', 'AMDMUOx', 'ANDENOx', 'AWHMAN', 'AWHNONAG', 'AWOTMAN', 'B020RE1Q156NBEA', 'B021RE1Q156NBEA', 'BAA', 'BAA10YM', 'BOGMBASEREALx', 'BUSINVx', 'BUSLOANSx', 'CE16OV', 'CES0600000007', 'CES0600000008', 'CES2000000008x', 'CES3000000008x', 'CES9091000001', 'CES9092000001', 'CES9093000001', 'CIVPART', 'CLAIMSx', 'CMRMTSPLx', 'CNCFx', 'COMPAPFF', 'COMPRMS', 'COMPRNFB', 'CONSPIx', 'CONSUMERx', 'CP3M', 'CPF3MTB3Mx', 'CPIAPPSL', 'CPIAUCSL', 'CPILFESL', 'CPIMEDSL', 'CPITRNSL', 'CPIULFSL', 'CUMFNS', 'CUSR0000SA0L2', 'CUSR0000SA0L5', 'CUSR0000SAC', 'CUSR0000SAD', 'CUSR0000SAS', 'CUSR0000SEHC', 'DCLORG3Q086SBEA', 'DDURRG3Q086SBEA', 'DFDHRG3Q086SBEA', 'DFSARG3Q086SBEA', 'DFXARG3Q086SBEA', 'DGDSRG3Q086SBEA', 'DGOERG3Q086SBEA', 'DHCERG3Q086SBEA', 'DHLCRG3Q086SBEA', 'DHUTRG3Q086SBEA', 'DIFSRG3Q086SBEA', 'DMANEMP', 'DMOTRG3Q086SBEA', 'DNDGRG3Q086SBEA', 'DODGRG3Q086SBEA', 'DONGRG3Q086SBEA', 'DOTSRG3Q086SBEA', 'DPIC96', 'DRCARG3Q086SBEA', 'DREQRG3Q086SBEA', 'DRIWCIL', 'DSERRG3Q086SBEA', 'DTCOLNVHFNM', 'DTCTHFNM', 'DTRSRG3Q086SBEA', 'EXCAUSx', 'EXJPUSx', 'EXPGSC1', 'EXSZUSx', 'EXUSEU', 'EXUSUKx', 'FEDFUNDS', 'FGRECPTx', 'FPIx', 'GCEC1', 'GDPCTPI', 'GFDEBTNx', 'GFDEGDQ188S', 'GPDIC1', 'GPDICTPI', 'GS1', 'GS10', 'GS10TB3Mx', 'GS1TB3Mx', 'GS5', 'HNOREMQ027Sx', 'HOABS', 'HOAMS', 'HOANBS', 'HOUST', 'HOUST5F', 'HOUSTMW', 'HOUSTNE', 'HOUSTS', 'HOUSTW', 'HWIURATIOx', 'HWIx', 'IMPGSC1', 'INDPRO', 'INVCQRMTSPL', 'INVEST', 'IPB51110SQ', 'IPB51220SQ', 'IPB51222S', 'IPBUSEQ', 'IPCONGD', 'IPDBS', 'IPDCONGD', 'IPDMAT']",[],gdp_saar_first_h1,2.4730927113935466,0.0,140.62398196163122,100,bd2275663897c44f,False,0.7.0,2.4730927113935466,0.0
bvar_minnesota_20,/Users/rayhanmomin/code/fev-macro/results/processed_standard_h1_first_second_third_w100_20260216/log_real_gdp_dataset_first.parquet,,1,100,-100,1,1,,4,RMSE,[],[],id,timestamp,target,,[],"['A014RE1Q156NBEA', 'A823RL1Q225SBEA', 'AAA', 'AAAFFM', 'ACOGNOx', 'AHETPIx', 'AMDMNOx', 'AMDMUOx', 'ANDENOx', 'AWHMAN', 'AWHNONAG', 'AWOTMAN', 'B020RE1Q156NBEA', 'B021RE1Q156NBEA', 'BAA', 'BAA10YM', 'BOGMBASEREALx', 'BUSINVx', 'BUSLOANSx', 'CE16OV', 'CES0600000007', 'CES0600000008', 'CES2000000008x', 'CES3000000008x', 'CES9091000001', 'CES9092000001', 'CES9093000001', 'CIVPART', 'CLAIMSx', 'CMRMTSPLx', 'CNCFx', 'COMPAPFF', 'COMPRMS', 'COMPRNFB', 'CONSPIx', 'CONSUMERx', 'CP3M', 'CPF3MTB3Mx', 'CPIAPPSL', 'CPIAUCSL', 'CPILFESL', 'CPIMEDSL', 'CPITRNSL', 'CPIULFSL', 'CUMFNS', 'CUSR0000SA0L2', 'CUSR0000SA0L5', 'CUSR0000SAC', 'CUSR0000SAD', 'CUSR0000SAS', 'CUSR0000SEHC', 'DCLORG3Q086SBEA', 'DDURRG3Q086SBEA', 'DFDHRG3Q086SBEA', 'DFSARG3Q086SBEA', 'DFXARG3Q086SBEA', 'DGDSRG3Q086SBEA', 'DGOERG3Q086SBEA', 'DHCERG3Q086SBEA', 'DHLCRG3Q086SBEA', 'DHUTRG3Q086SBEA', 'DIFSRG3Q086SBEA', 'DMANEMP', 'DMOTRG3Q086SBEA', 'DNDGRG3Q086SBEA', 'DODGRG3Q086SBEA', 'DONGRG3Q086SBEA', 'DOTSRG3Q086SBEA', 'DPIC96', 'DRCARG3Q086SBEA', 'DREQRG3Q086SBEA', 'DRIWCIL', 'DSERRG3Q086SBEA', 'DTCOLNVHFNM', 'DTCTHFNM', 'DTRSRG3Q086SBEA', 'EXCAUSx', 'EXJPUSx', 'EXPGSC1', 'EXSZUSx', 'EXUSEU', 'EXUSUKx', 'FEDFUNDS', 'FGRECPTx', 'FPIx', 'GCEC1', 'GDPCTPI', 'GFDEBTNx', 'GFDEGDQ188S', 'GPDIC1', 'GPDICTPI', 'GS1', 'GS10', 'GS10TB3Mx', 'GS1TB3Mx', 'GS5', 'HNOREMQ027Sx', 'HOABS', 'HOAMS', 'HOANBS', 'HOUST', 'HOUST5F', 'HOUSTMW', 'HOUSTNE', 'HOUSTS', 'HOUSTW', 'HWIURATIOx', 'HWIx', 'IMPGSC1', 'INDPRO', 'INVCQRMTSPL', 'INVEST', 'IPB51110SQ', 'IPB51220SQ', 'IPB51222S', 'IPBUSEQ', 'IPCONGD', 'IPDBS', 'IPDCONGD', 'IPDMAT']",[],gdp_saar_first_h1,2.6473239899426697,0.0,1.5093037488404661,100,bd2275663897c44f,False,0.7.0,2.6473239899426697,0.0
bvar_minnesota_growth_20,/Users/rayhanmomin/code/fev-macro/results/processed_standard_h1_first_second_third_w100_20260216/log_real_gdp_dataset_first.parquet,,1,100,-100,1,1,,4,RMSE,[],[],id,timestamp,target,,[],"['A014RE1Q156NBEA', 'A823RL1Q225SBEA', 'AAA', 'AAAFFM', 'ACOGNOx', 'AHETPIx', 'AMDMNOx', 'AMDMUOx', 'ANDENOx', 'AWHMAN', 'AWHNONAG', 'AWOTMAN', 'B020RE1Q156NBEA', 'B021RE1Q156NBEA', 'BAA', 'BAA10YM', 'BOGMBASEREALx', 'BUSINVx', 'BUSLOANSx', 'CE16OV', 'CES0600000007', 'CES0600000008', 'CES2000000008x', 'CES3000000008x', 'CES9091000001', 'CES9092000001', 'CES9093000001', 'CIVPART', 'CLAIMSx', 'CMRMTSPLx', 'CNCFx', 'COMPAPFF', 'COMPRMS', 'COMPRNFB', 'CONSPIx', 'CONSUMERx', 'CP3M', 'CPF3MTB3Mx', 'CPIAPPSL', 'CPIAUCSL', 'CPILFESL', 'CPIMEDSL', 'CPITRNSL', 'CPIULFSL', 'CUMFNS', 'CUSR0000SA0L2', 'CUSR0000SA0L5', 'CUSR0000SAC', 'CUSR0000SAD', 'CUSR0000SAS', 'CUSR0000SEHC', 'DCLORG3Q086SBEA', 'DDURRG3Q086SBEA', 'DFDHRG3Q086SBEA', 'DFSARG3Q086SBEA', 'DFXARG3Q086SBEA', 'DGDSRG3Q086SBEA', 'DGOERG3Q086SBEA', 'DHCERG3Q086SBEA', 'DHLCRG3Q086SBEA', 'DHUTRG3Q086SBEA', 'DIFSRG3Q086SBEA', 'DMANEMP', 'DMOTRG3Q086SBEA', 'DNDGRG3Q086SBEA', 'DODGRG3Q086SBEA', 'DONGRG3Q086SBEA', 'DOTSRG3Q086SBEA', 'DPIC96', 'DRCARG3Q086SBEA', 'DREQRG3Q086SBEA', 'DRIWCIL', 'DSERRG3Q086SBEA', 'DTCOLNVHFNM', 'DTCTHFNM', 'DTRSRG3Q086SBEA', 'EXCAUSx', 'EXJPUSx', 'EXPGSC1', 'EXSZUSx', 'EXUSEU', 'EXUSUKx', 'FEDFUNDS', 'FGRECPTx', 'FPIx', 'GCEC1', 'GDPCTPI', 'GFDEBTNx', 'GFDEGDQ188S', 'GPDIC1', 'GPDICTPI', 'GS1', 'GS10', 'GS10TB3Mx', 'GS1TB3Mx', 'GS5', 'HNOREMQ027Sx', 'HOABS', 'HOAMS', 'HOANBS', 'HOUST', 'HOUST5F', 'HOUSTMW', 'HOUSTNE', 'HOUSTS', 'HOUSTW', 'HWIURATIOx', 'HWIx', 'IMPGSC1', 'INDPRO', 'INVCQRMTSPL', 'INVEST', 'IPB51110SQ', 'IPB51220SQ', 'IPB51222S', 'IPBUSEQ', 'IPCONGD', 'IPDBS', 'IPDCONGD', 'IPDMAT']",[],gdp_saar_first_h1,2.647511507347226,0.0,1.3637392456876114,100,bd2275663897c44f,False,0.7.0,2.647511507347226,0.0
local_trend_ssm,/Users/rayhanmomin/code/fev-macro/results/processed_standard_h1_first_second_third_w100_20260216/log_real_gdp_dataset_first.parquet,,1,100,-100,1,1,,4,RMSE,[],[],id,timestamp,target,,[],"['A014RE1Q156NBEA', 'A823RL1Q225SBEA', 'AAA', 'AAAFFM', 'ACOGNOx', 'AHETPIx', 'AMDMNOx', 'AMDMUOx', 'ANDENOx', 'AWHMAN', 'AWHNONAG', 'AWOTMAN', 'B020RE1Q156NBEA', 'B021RE1Q156NBEA', 'BAA', 'BAA10YM', 'BOGMBASEREALx', 'BUSINVx', 'BUSLOANSx', 'CE16OV', 'CES0600000007', 'CES0600000008', 'CES2000000008x', 'CES3000000008x', 'CES9091000001', 'CES9092000001', 'CES9093000001', 'CIVPART', 'CLAIMSx', 'CMRMTSPLx', 'CNCFx', 'COMPAPFF', 'COMPRMS', 'COMPRNFB', 'CONSPIx', 'CONSUMERx', 'CP3M', 'CPF3MTB3Mx', 'CPIAPPSL', 'CPIAUCSL', 'CPILFESL', 'CPIMEDSL', 'CPITRNSL', 'CPIULFSL', 'CUMFNS', 'CUSR0000SA0L2', 'CUSR0000SA0L5', 'CUSR0000SAC', 'CUSR0000SAD', 'CUSR0000SAS', 'CUSR0000SEHC', 'DCLORG3Q086SBEA', 'DDURRG3Q086SBEA', 'DFDHRG3Q086SBEA', 'DFSARG3Q086SBEA', 'DFXARG3Q086SBEA', 'DGDSRG3Q086SBEA', 'DGOERG3Q086SBEA', 'DHCERG3Q086SBEA', 'DHLCRG3Q086SBEA', 'DHUTRG3Q086SBEA', 'DIFSRG3Q086SBEA', 'DMANEMP', 'DMOTRG3Q086SBEA', 'DNDGRG3Q086SBEA', 'DODGRG3Q086SBEA', 'DONGRG3Q086SBEA', 'DOTSRG3Q086SBEA', 'DPIC96', 'DRCARG3Q086SBEA', 'DREQRG3Q086SBEA', 'DRIWCIL', 'DSERRG3Q086SBEA', 'DTCOLNVHFNM', 'DTCTHFNM', 'DTRSRG3Q086SBEA', 'EXCAUSx', 'EXJPUSx', 'EXPGSC1', 'EXSZUSx', 'EXUSEU', 'EXUSUKx', 'FEDFUNDS', 'FGRECPTx', 'FPIx', 'GCEC1', 'GDPCTPI', 'GFDEBTNx', 'GFDEGDQ188S', 'GPDIC1', 'GPDICTPI', 'GS1', 'GS10', 'GS10TB3Mx', 'GS1TB3Mx', 'GS5', 'HNOREMQ027Sx', 'HOABS', 'HOAMS', 'HOANBS', 'HOUST', 'HOUST5F', 'HOUSTMW', 'HOUSTNE', 'HOUSTS', 'HOUSTW', 'HWIURATIOx', 'HWIx', 'IMPGSC1', 'INDPRO', 'INVCQRMTSPL', 'INVEST', 'IPB51110SQ', 'IPB51220SQ', 'IPB51222S', 'IPBUSEQ', 'IPCONGD', 'IPDBS', 'IPDCONGD', 'IPDMAT']",[],gdp_saar_first_h1,2.4131853572279214,0.0,13.287594540044665,100,bd2275663897c44f,False,0.7.0,2.4131853572279214,0.0
factor_pca_qd,/Users/rayhanmomin/code/fev-macro/results/processed_standard_h1_first_second_third_w100_20260216/log_real_gdp_dataset_first.parquet,,1,100,-100,1,1,,4,RMSE,[],[],id,timestamp,target,,[],"['A014RE1Q156NBEA', 'A823RL1Q225SBEA', 'AAA', 'AAAFFM', 'ACOGNOx', 'AHETPIx', 'AMDMNOx', 'AMDMUOx', 'ANDENOx', 'AWHMAN', 'AWHNONAG', 'AWOTMAN', 'B020RE1Q156NBEA', 'B021RE1Q156NBEA', 'BAA', 'BAA10YM', 'BOGMBASEREALx', 'BUSINVx', 'BUSLOANSx', 'CE16OV', 'CES0600000007', 'CES0600000008', 'CES2000000008x', 'CES3000000008x', 'CES9091000001', 'CES9092000001', 'CES9093000001', 'CIVPART', 'CLAIMSx', 'CMRMTSPLx', 'CNCFx', 'COMPAPFF', 'COMPRMS', 'COMPRNFB', 'CONSPIx', 'CONSUMERx', 'CP3M', 'CPF3MTB3Mx', 'CPIAPPSL', 'CPIAUCSL', 'CPILFESL', 'CPIMEDSL', 'CPITRNSL', 'CPIULFSL', 'CUMFNS', 'CUSR0000SA0L2', 'CUSR0000SA0L5', 'CUSR0000SAC', 'CUSR0000SAD', 'CUSR0000SAS', 'CUSR0000SEHC', 'DCLORG3Q086SBEA', 'DDURRG3Q086SBEA', 'DFDHRG3Q086SBEA', 'DFSARG3Q086SBEA', 'DFXARG3Q086SBEA', 'DGDSRG3Q086SBEA', 'DGOERG3Q086SBEA', 'DHCERG3Q086SBEA', 'DHLCRG3Q086SBEA', 'DHUTRG3Q086SBEA', 'DIFSRG3Q086SBEA', 'DMANEMP', 'DMOTRG3Q086SBEA', 'DNDGRG3Q086SBEA', 'DODGRG3Q086SBEA', 'DONGRG3Q086SBEA', 'DOTSRG3Q086SBEA', 'DPIC96', 'DRCARG3Q086SBEA', 'DREQRG3Q086SBEA', 'DRIWCIL', 'DSERRG3Q086SBEA', 'DTCOLNVHFNM', 'DTCTHFNM', 'DTRSRG3Q086SBEA', 'EXCAUSx', 'EXJPUSx', 'EXPGSC1', 'EXSZUSx', 'EXUSEU', 'EXUSUKx', 'FEDFUNDS', 'FGRECPTx', 'FPIx', 'GCEC1', 'GDPCTPI', 'GFDEBTNx', 'GFDEGDQ188S', 'GPDIC1', 'GPDICTPI', 'GS1', 'GS10', 'GS10TB3Mx', 'GS1TB3Mx', 'GS5', 'HNOREMQ027Sx', 'HOABS', 'HOAMS', 'HOANBS', 'HOUST', 'HOUST5F', 'HOUSTMW', 'HOUSTNE', 'HOUSTS', 'HOUSTW', 'HWIURATIOx', 'HWIx', 'IMPGSC1', 'INDPRO', 'INVCQRMTSPL', 'INVEST', 'IPB51110SQ', 'IPB51220SQ', 'IPB51222S', 'IPBUSEQ', 'IPCONGD', 'IPDBS', 'IPDCONGD', 'IPDMAT']",[],gdp_saar_first_h1,2.9442765871435403,0.0,2.2962560828309506,100,bd2275663897c44f,False,0.7.0,2.9442765871435403,0.0
naive_last,/Users/rayhanmomin/code/fev-macro/results/processed_standard_h1_first_second_third_w100_20260216/log_real_gdp_dataset_first.parquet,,1,100,-100,1,1,,4,RMSE,[],[],id,timestamp,target,,[],"['A014RE1Q156NBEA', 'A823RL1Q225SBEA', 'AAA', 'AAAFFM', 'ACOGNOx', 'AHETPIx', 'AMDMNOx', 'AMDMUOx', 'ANDENOx', 'AWHMAN', 'AWHNONAG', 'AWOTMAN', 'B020RE1Q156NBEA', 'B021RE1Q156NBEA', 'BAA', 'BAA10YM', 'BOGMBASEREALx', 'BUSINVx', 'BUSLOANSx', 'CE16OV', 'CES0600000007', 'CES0600000008', 'CES2000000008x', 'CES3000000008x', 'CES9091000001', 'CES9092000001', 'CES9093000001', 'CIVPART', 'CLAIMSx', 'CMRMTSPLx', 'CNCFx', 'COMPAPFF', 'COMPRMS', 'COMPRNFB', 'CONSPIx', 'CONSUMERx', 'CP3M', 'CPF3MTB3Mx', 'CPIAPPSL', 'CPIAUCSL', 'CPILFESL', 'CPIMEDSL', 'CPITRNSL', 'CPIULFSL', 'CUMFNS', 'CUSR0000SA0L2', 'CUSR0000SA0L5', 'CUSR0000SAC', 'CUSR0000SAD', 'CUSR0000SAS', 'CUSR0000SEHC', 'DCLORG3Q086SBEA', 'DDURRG3Q086SBEA', 'DFDHRG3Q086SBEA', 'DFSARG3Q086SBEA', 'DFXARG3Q086SBEA', 'DGDSRG3Q086SBEA', 'DGOERG3Q086SBEA', 'DHCERG3Q086SBEA', 'DHLCRG3Q086SBEA', 'DHUTRG3Q086SBEA', 'DIFSRG3Q086SBEA', 'DMANEMP', 'DMOTRG3Q086SBEA', 'DNDGRG3Q086SBEA', 'DODGRG3Q086SBEA', 'DONGRG3Q086SBEA', 'DOTSRG3Q086SBEA', 'DPIC96', 'DRCARG3Q086SBEA', 'DREQRG3Q086SBEA', 'DRIWCIL', 'DSERRG3Q086SBEA', 'DTCOLNVHFNM', 'DTCTHFNM', 'DTRSRG3Q086SBEA', 'EXCAUSx', 'EXJPUSx', 'EXPGSC1', 'EXSZUSx', 'EXUSEU', 'EXUSUKx', 'FEDFUNDS', 'FGRECPTx', 'FPIx', 'GCEC1', 'GDPCTPI', 'GFDEBTNx', 'GFDEGDQ188S', 'GPDIC1', 'GPDICTPI', 'GS1', 'GS10', 'GS10TB3Mx', 'GS1TB3Mx', 'GS5', 'HNOREMQ027Sx', 'HOABS', 'HOAMS', 'HOANBS', 'HOUST', 'HOUST5F', 'HOUSTMW', 'HOUSTNE', 'HOUSTS', 'HOUSTW', 'HWIURATIOx', 'HWIx', 'IMPGSC1', 'INDPRO', 'INVCQRMTSPL', 'INVEST', 'IPB51110SQ', 'IPB51220SQ', 'IPB51222S', 'IPBUSEQ', 'IPCONGD', 'IPDBS', 'IPDCONGD', 'IPDMAT']",[],gdp_saar_first_h1,3.219633479565382,0.0,0.5429767110617831,100,bd2275663897c44f,False,0.7.0,3.219633479565382,0.0
drift,/Users/rayhanmomin/code/fev-macro/results/processed_standard_h1_first_second_third_w100_20260216/log_real_gdp_dataset_first.parquet,,1,100,-100,1,1,,4,RMSE,[],[],id,timestamp,target,,[],"['A014RE1Q156NBEA', 'A823RL1Q225SBEA', 'AAA', 'AAAFFM', 'ACOGNOx', 'AHETPIx', 'AMDMNOx', 'AMDMUOx', 'ANDENOx', 'AWHMAN', 'AWHNONAG', 'AWOTMAN', 'B020RE1Q156NBEA', 'B021RE1Q156NBEA', 'BAA', 'BAA10YM', 'BOGMBASEREALx', 'BUSINVx', 'BUSLOANSx', 'CE16OV', 'CES0600000007', 'CES0600000008', 'CES2000000008x', 'CES3000000008x', 'CES9091000001', 'CES9092000001', 'CES9093000001', 'CIVPART', 'CLAIMSx', 'CMRMTSPLx', 'CNCFx', 'COMPAPFF', 'COMPRMS', 'COMPRNFB', 'CONSPIx', 'CONSUMERx', 'CP3M', 'CPF3MTB3Mx', 'CPIAPPSL', 'CPIAUCSL', 'CPILFESL', 'CPIMEDSL', 'CPITRNSL', 'CPIULFSL', 'CUMFNS', 'CUSR0000SA0L2', 'CUSR0000SA0L5', 'CUSR0000SAC', 'CUSR0000SAD', 'CUSR0000SAS', 'CUSR0000SEHC', 'DCLORG3Q086SBEA', 'DDURRG3Q086SBEA', 'DFDHRG3Q086SBEA', 'DFSARG3Q086SBEA', 'DFXARG3Q086SBEA', 'DGDSRG3Q086SBEA', 'DGOERG3Q086SBEA', 'DHCERG3Q086SBEA', 'DHLCRG3Q086SBEA', 'DHUTRG3Q086SBEA', 'DIFSRG3Q086SBEA', 'DMANEMP', 'DMOTRG3Q086SBEA', 'DNDGRG3Q086SBEA', 'DODGRG3Q086SBEA', 'DONGRG3Q086SBEA', 'DOTSRG3Q086SBEA', 'DPIC96', 'DRCARG3Q086SBEA', 'DREQRG3Q086SBEA', 'DRIWCIL', 'DSERRG3Q086SBEA', 'DTCOLNVHFNM', 'DTCTHFNM', 'DTRSRG3Q086SBEA', 'EXCAUSx', 'EXJPUSx', 'EXPGSC1', 'EXSZUSx', 'EXUSEU', 'EXUSUKx', 'FEDFUNDS', 'FGRECPTx', 'FPIx', 'GCEC1', 'GDPCTPI', 'GFDEBTNx', 'GFDEGDQ188S', 'GPDIC1', 'GPDICTPI', 'GS1', 'GS10', 'GS10TB3Mx', 'GS1TB3Mx', 'GS5', 'HNOREMQ027Sx', 'HOABS', 'HOAMS', 'HOANBS', 'HOUST', 'HOUST5F', 'HOUSTMW', 'HOUSTNE', 'HOUSTS', 'HOUSTW', 'HWIURATIOx', 'HWIx', 'IMPGSC1', 'INDPRO', 'INVCQRMTSPL', 'INVEST', 'IPB51110SQ', 'IPB51220SQ', 'IPB51222S', 'IPBUSEQ', 'IPCONGD', 'IPDBS', 'IPDCONGD', 'IPDMAT']",[],gdp_saar_first_h1,3.224891889505088,0.0,0.5820965014863759,100,bd2275663897c44f,False,0.7.0,3.224891889505088,0.0
seasonal_naive,/Users/rayhanmomin/code/fev-macro/results/processed_standard_h1_first_second_third_w100_20260216/log_real_gdp_dataset_first.parquet,,1,100,-100,1,1,,4,RMSE,[],[],id,timestamp,target,,[],"['A014RE1Q156NBEA', 'A823RL1Q225SBEA', 'AAA', 'AAAFFM', 'ACOGNOx', 'AHETPIx', 'AMDMNOx', 'AMDMUOx', 'ANDENOx', 'AWHMAN', 'AWHNONAG', 'AWOTMAN', 'B020RE1Q156NBEA', 'B021RE1Q156NBEA', 'BAA', 'BAA10YM', 'BOGMBASEREALx', 'BUSINVx', 'BUSLOANSx', 'CE16OV', 'CES0600000007', 'CES0600000008', 'CES2000000008x', 'CES3000000008x', 'CES9091000001', 'CES9092000001', 'CES9093000001', 'CIVPART', 'CLAIMSx', 'CMRMTSPLx', 'CNCFx', 'COMPAPFF', 'COMPRMS', 'COMPRNFB', 'CONSPIx', 'CONSUMERx', 'CP3M', 'CPF3MTB3Mx', 'CPIAPPSL', 'CPIAUCSL', 'CPILFESL', 'CPIMEDSL', 'CPITRNSL', 'CPIULFSL', 'CUMFNS', 'CUSR0000SA0L2', 'CUSR0000SA0L5', 'CUSR0000SAC', 'CUSR0000SAD', 'CUSR0000SAS', 'CUSR0000SEHC', 'DCLORG3Q086SBEA', 'DDURRG3Q086SBEA', 'DFDHRG3Q086SBEA', 'DFSARG3Q086SBEA', 'DFXARG3Q086SBEA', 'DGDSRG3Q086SBEA', 'DGOERG3Q086SBEA', 'DHCERG3Q086SBEA', 'DHLCRG3Q086SBEA', 'DHUTRG3Q086SBEA', 'DIFSRG3Q086SBEA', 'DMANEMP', 'DMOTRG3Q086SBEA', 'DNDGRG3Q086SBEA', 'DODGRG3Q086SBEA', 'DONGRG3Q086SBEA', 'DOTSRG3Q086SBEA', 'DPIC96', 'DRCARG3Q086SBEA', 'DREQRG3Q086SBEA', 'DRIWCIL', 'DSERRG3Q086SBEA', 'DTCOLNVHFNM', 'DTCTHFNM', 'DTRSRG3Q086SBEA', 'EXCAUSx', 'EXJPUSx', 'EXPGSC1', 'EXSZUSx', 'EXUSEU', 'EXUSUKx', 'FEDFUNDS', 'FGRECPTx', 'FPIx', 'GCEC1', 'GDPCTPI', 'GFDEBTNx', 'GFDEGDQ188S', 'GPDIC1', 'GPDICTPI', 'GS1', 'GS10', 'GS10TB3Mx', 'GS1TB3Mx', 'GS5', 'HNOREMQ027Sx', 'HOABS', 'HOAMS', 'HOANBS', 'HOUST', 'HOUST5F', 'HOUSTMW', 'HOUSTNE', 'HOUSTS', 'HOUSTW', 'HWIURATIOx', 'HWIx', 'IMPGSC1', 'INDPRO', 'INVCQRMTSPL', 'INVEST', 'IPB51110SQ', 'IPB51220SQ', 'IPB51222S', 'IPBUSEQ', 'IPCONGD', 'IPDBS', 'IPDCONGD', 'IPDMAT']",[],gdp_saar_first_h1,3.757439326494932,0.0,0.7253057047491893,100,bd2275663897c44f,False,0.7.0,3.757439326494932,0.0
mean,/Users/rayhanmomin/code/fev-macro/results/processed_standard_h1_first_second_third_w100_20260216/log_real_gdp_dataset_second.parquet,,1,100,-100,1,1,,4,RMSE,[],[],id,timestamp,target,,[],"['A014RE1Q156NBEA', 'A823RL1Q225SBEA', 'AAA', 'AAAFFM', 'ACOGNOx', 'AHETPIx', 'AMDMNOx', 'AMDMUOx', 'ANDENOx', 'AWHMAN', 'AWHNONAG', 'AWOTMAN', 'B020RE1Q156NBEA', 'B021RE1Q156NBEA', 'BAA', 'BAA10YM', 'BOGMBASEREALx', 'BUSINVx', 'BUSLOANSx', 'CE16OV', 'CES0600000007', 'CES0600000008', 'CES2000000008x', 'CES3000000008x', 'CES9091000001', 'CES9092000001', 'CES9093000001', 'CIVPART', 'CLAIMSx', 'CMRMTSPLx', 'CNCFx', 'COMPAPFF', 'COMPRMS', 'COMPRNFB', 'CONSPIx', 'CONSUMERx', 'CP3M', 'CPF3MTB3Mx', 'CPIAPPSL', 'CPIAUCSL', 'CPILFESL', 'CPIMEDSL', 'CPITRNSL', 'CPIULFSL', 'CUMFNS', 'CUSR0000SA0L2', 'CUSR0000SA0L5', 'CUSR0000SAC', 'CUSR0000SAD', 'CUSR0000SAS', 'CUSR0000SEHC', 'DCLORG3Q086SBEA', 'DDURRG3Q086SBEA', 'DFDHRG3Q086SBEA', 'DFSARG3Q086SBEA', 'DFXARG3Q086SBEA', 'DGDSRG3Q086SBEA', 'DGOERG3Q086SBEA', 'DHCERG3Q086SBEA', 'DHLCRG3Q086SBEA', 'DHUTRG3Q086SBEA', 'DIFSRG3Q086SBEA', 'DMANEMP', 'DMOTRG3Q086SBEA', 'DNDGRG3Q086SBEA', 'DODGRG3Q086SBEA', 'DONGRG3Q086SBEA', 'DOTSRG3Q086SBEA', 'DPIC96', 'DRCARG3Q086SBEA', 'DREQRG3Q086SBEA', 'DRIWCIL', 'DSERRG3Q086SBEA', 'DTCOLNVHFNM', 'DTCTHFNM', 'DTRSRG3Q086SBEA', 'EXCAUSx', 'EXJPUSx', 'EXPGSC1', 'EXSZUSx', 'EXUSEU', 'EXUSUKx', 'FEDFUNDS', 'FGRECPTx', 'FPIx', 'GCEC1', 'GDPCTPI', 'GFDEBTNx', 'GFDEGDQ188S', 'GPDIC1', 'GPDICTPI', 'GS1', 'GS10', 'GS10TB3Mx', 'GS1TB3Mx', 'GS5', 'HNOREMQ027Sx', 'HOABS', 'HOAMS', 'HOANBS', 'HOUST', 'HOUST5F', 'HOUSTMW', 'HOUSTNE', 'HOUSTS', 'HOUSTW', 'HWIURATIOx', 'HWIx', 'IMPGSC1', 'INDPRO', 'INVCQRMTSPL', 'INVEST', 'IPB51110SQ', 'IPB51220SQ', 'IPB51222S', 'IPBUSEQ', 'IPCONGD', 'IPDBS', 'IPDCONGD', 'IPDMAT']",[],gdp_saar_second_h1,2.450715216472745,0.0,0.6588669630000368,100,fc9191840d7f93ff,False,0.7.0,2.450715216472745,0.0
auto_arima,/Users/rayhanmomin/code/fev-macro/results/processed_standard_h1_first_second_third_w100_20260216/log_real_gdp_dataset_second.parquet,,1,100,-100,1,1,,4,RMSE,[],[],id,timestamp,target,,[],"['A014RE1Q156NBEA', 'A823RL1Q225SBEA', 'AAA', 'AAAFFM', 'ACOGNOx', 'AHETPIx', 'AMDMNOx', 'AMDMUOx', 'ANDENOx', 'AWHMAN', 'AWHNONAG', 'AWOTMAN', 'B020RE1Q156NBEA', 'B021RE1Q156NBEA', 'BAA', 'BAA10YM', 'BOGMBASEREALx', 'BUSINVx', 'BUSLOANSx', 'CE16OV', 'CES0600000007', 'CES0600000008', 'CES2000000008x', 'CES3000000008x', 'CES9091000001', 'CES9092000001', 'CES9093000001', 'CIVPART', 'CLAIMSx', 'CMRMTSPLx', 'CNCFx', 'COMPAPFF', 'COMPRMS', 'COMPRNFB', 'CONSPIx', 'CONSUMERx', 'CP3M', 'CPF3MTB3Mx', 'CPIAPPSL', 'CPIAUCSL', 'CPILFESL', 'CPIMEDSL', 'CPITRNSL', 'CPIULFSL', 'CUMFNS', 'CUSR0000SA0L2', 'CUSR0000SA0L5', 'CUSR0000SAC', 'CUSR0000SAD', 'CUSR0000SAS', 'CUSR0000SEHC', 'DCLORG3Q086SBEA', 'DDURRG3Q086SBEA', 'DFDHRG3Q086SBEA', 'DFSARG3Q086SBEA', 'DFXARG3Q086SBEA', 'DGDSRG3Q086SBEA', 'DGOERG3Q086SBEA', 'DHCERG3Q086SBEA', 'DHLCRG3Q086SBEA', 'DHUTRG3Q086SBEA', 'DIFSRG3Q086SBEA', 'DMANEMP', 'DMOTRG3Q086SBEA', 'DNDGRG3Q086SBEA', 'DODGRG3Q086SBEA', 'DONGRG3Q086SBEA', 'DOTSRG3Q086SBEA', 'DPIC96', 'DRCARG3Q086SBEA', 'DREQRG3Q086SBEA', 'DRIWCIL', 'DSERRG3Q086SBEA', 'DTCOLNVHFNM', 'DTCTHFNM', 'DTRSRG3Q086SBEA', 'EXCAUSx', 'EXJPUSx', 'EXPGSC1', 'EXSZUSx', 'EXUSEU', 'EXUSUKx', 'FEDFUNDS', 'FGRECPTx', 'FPIx', 'GCEC1', 'GDPCTPI', 'GFDEBTNx', 'GFDEGDQ188S', 'GPDIC1', 'GPDICTPI', 'GS1', 'GS10', 'GS10TB3Mx', 'GS1TB3Mx', 'GS5', 'HNOREMQ027Sx', 'HOABS', 'HOAMS', 'HOANBS', 'HOUST', 'HOUST5F', 'HOUSTMW', 'HOUSTNE', 'HOUSTS', 'HOUSTW', 'HWIURATIOx', 'HWIx', 'IMPGSC1', 'INDPRO', 'INVCQRMTSPL', 'INVEST', 'IPB51110SQ', 'IPB51220SQ', 'IPB51222S', 'IPBUSEQ', 'IPCONGD', 'IPDBS', 'IPDCONGD', 'IPDMAT']",[],gdp_saar_second_h1,2.494194417670369,0.0,47.90204700094182,100,fc9191840d7f93ff,False,0.7.0,2.494194417670369,0.0
theta,/Users/rayhanmomin/code/fev-macro/results/processed_standard_h1_first_second_third_w100_20260216/log_real_gdp_dataset_second.parquet,,1,100,-100,1,1,,4,RMSE,[],[],id,timestamp,target,,[],"['A014RE1Q156NBEA', 'A823RL1Q225SBEA', 'AAA', 'AAAFFM', 'ACOGNOx', 'AHETPIx', 'AMDMNOx', 'AMDMUOx', 'ANDENOx', 'AWHMAN', 'AWHNONAG', 'AWOTMAN', 'B020RE1Q156NBEA', 'B021RE1Q156NBEA', 'BAA', 'BAA10YM', 'BOGMBASEREALx', 'BUSINVx', 'BUSLOANSx', 'CE16OV', 'CES0600000007', 'CES0600000008', 'CES2000000008x', 'CES3000000008x', 'CES9091000001', 'CES9092000001', 'CES9093000001', 'CIVPART', 'CLAIMSx', 'CMRMTSPLx', 'CNCFx', 'COMPAPFF', 'COMPRMS', 'COMPRNFB', 'CONSPIx', 'CONSUMERx', 'CP3M', 'CPF3MTB3Mx', 'CPIAPPSL', 'CPIAUCSL', 'CPILFESL', 'CPIMEDSL', 'CPITRNSL', 'CPIULFSL', 'CUMFNS', 'CUSR0000SA0L2', 'CUSR0000SA0L5', 'CUSR0000SAC', 'CUSR0000SAD', 'CUSR0000SAS', 'CUSR0000SEHC', 'DCLORG3Q086SBEA', 'DDURRG3Q086SBEA', 'DFDHRG3Q086SBEA', 'DFSARG3Q086SBEA', 'DFXARG3Q086SBEA', 'DGDSRG3Q086SBEA', 'DGOERG3Q086SBEA', 'DHCERG3Q086SBEA', 'DHLCRG3Q086SBEA', 'DHUTRG3Q086SBEA', 'DIFSRG3Q086SBEA', 'DMANEMP', 'DMOTRG3Q086SBEA', 'DNDGRG3Q086SBEA', 'DODGRG3Q086SBEA', 'DONGRG3Q086SBEA', 'DOTSRG3Q086SBEA', 'DPIC96', 'DRCARG3Q086SBEA', 'DREQRG3Q086SBEA', 'DRIWCIL', 'DSERRG3Q086SBEA', 'DTCOLNVHFNM', 'DTCTHFNM', 'DTRSRG3Q086SBEA', 'EXCAUSx', 'EXJPUSx', 'EXPGSC1', 'EXSZUSx', 'EXUSEU', 'EXUSUKx', 'FEDFUNDS', 'FGRECPTx', 'FPIx', 'GCEC1', 'GDPCTPI', 'GFDEBTNx', 'GFDEGDQ188S', 'GPDIC1', 'GPDICTPI', 'GS1', 'GS10', 'GS10TB3Mx', 'GS1TB3Mx', 'GS5', 'HNOREMQ027Sx', 'HOABS', 'HOAMS', 'HOANBS', 'HOUST', 'HOUST5F', 'HOUSTMW', 'HOUSTNE', 'HOUSTS', 'HOUSTW', 'HWIURATIOx', 'HWIx', 'IMPGSC1', 'INDPRO', 'INVCQRMTSPL', 'INVEST', 'IPB51110SQ', 'IPB51220SQ', 'IPB51222S', 'IPBUSEQ', 'IPCONGD', 'IPDBS', 'IPDCONGD', 'IPDMAT']",[],gdp_saar_second_h1,2.572861699871719,0.0,1.2770937110763043,100,fc9191840d7f93ff,False,0.7.0,2.572861699871719,0.0
random_forest,/Users/rayhanmomin/code/fev-macro/results/processed_standard_h1_first_second_third_w100_20260216/log_real_gdp_dataset_second.parquet,,1,100,-100,1,1,,4,RMSE,[],[],id,timestamp,target,,[],"['A014RE1Q156NBEA', 'A823RL1Q225SBEA', 'AAA', 'AAAFFM', 'ACOGNOx', 'AHETPIx', 'AMDMNOx', 'AMDMUOx', 'ANDENOx', 'AWHMAN', 'AWHNONAG', 'AWOTMAN', 'B020RE1Q156NBEA', 'B021RE1Q156NBEA', 'BAA', 'BAA10YM', 'BOGMBASEREALx', 'BUSINVx', 'BUSLOANSx', 'CE16OV', 'CES0600000007', 'CES0600000008', 'CES2000000008x', 'CES3000000008x', 'CES9091000001', 'CES9092000001', 'CES9093000001', 'CIVPART', 'CLAIMSx', 'CMRMTSPLx', 'CNCFx', 'COMPAPFF', 'COMPRMS', 'COMPRNFB', 'CONSPIx', 'CONSUMERx', 'CP3M', 'CPF3MTB3Mx', 'CPIAPPSL', 'CPIAUCSL', 'CPILFESL', 'CPIMEDSL', 'CPITRNSL', 'CPIULFSL', 'CUMFNS', 'CUSR0000SA0L2', 'CUSR0000SA0L5', 'CUSR0000SAC', 'CUSR0000SAD', 'CUSR0000SAS', 'CUSR0000SEHC', 'DCLORG3Q086SBEA', 'DDURRG3Q086SBEA', 'DFDHRG3Q086SBEA', 'DFSARG3Q086SBEA', 'DFXARG3Q086SBEA', 'DGDSRG3Q086SBEA', 'DGOERG3Q086SBEA', 'DHCERG3Q086SBEA', 'DHLCRG3Q086SBEA', 'DHUTRG3Q086SBEA', 'DIFSRG3Q086SBEA', 'DMANEMP', 'DMOTRG3Q086SBEA', 'DNDGRG3Q086SBEA', 'DODGRG3Q086SBEA', 'DONGRG3Q086SBEA', 'DOTSRG3Q086SBEA', 'DPIC96', 'DRCARG3Q086SBEA', 'DREQRG3Q086SBEA', 'DRIWCIL', 'DSERRG3Q086SBEA', 'DTCOLNVHFNM', 'DTCTHFNM', 'DTRSRG3Q086SBEA', 'EXCAUSx', 'EXJPUSx', 'EXPGSC1', 'EXSZUSx', 'EXUSEU', 'EXUSUKx', 'FEDFUNDS', 'FGRECPTx', 'FPIx', 'GCEC1', 'GDPCTPI', 'GFDEBTNx', 'GFDEGDQ188S', 'GPDIC1', 'GPDICTPI', 'GS1', 'GS10', 'GS10TB3Mx', 'GS1TB3Mx', 'GS5', 'HNOREMQ027Sx', 'HOABS', 'HOAMS', 'HOANBS', 'HOUST', 'HOUST5F', 'HOUSTMW', 'HOUSTNE', 'HOUSTS', 'HOUSTW', 'HWIURATIOx', 'HWIx', 'IMPGSC1', 'INDPRO', 'INVCQRMTSPL', 'INVEST', 'IPB51110SQ', 'IPB51220SQ', 'IPB51222S', 'IPBUSEQ', 'IPCONGD', 'IPDBS', 'IPDCONGD', 'IPDMAT']",[],gdp_saar_second_h1,2.483433727611555,0.0,12.446092297439463,100,fc9191840d7f93ff,False,0.7.0,2.483433727611555,0.0
bvar_minnesota_8,/Users/rayhanmomin/code/fev-macro/results/processed_standard_h1_first_second_third_w100_20260216/log_real_gdp_dataset_second.parquet,,1,100,-100,1,1,,4,RMSE,[],[],id,timestamp,target,,[],"['A014RE1Q156NBEA', 'A823RL1Q225SBEA', 'AAA', 'AAAFFM', 'ACOGNOx', 'AHETPIx', 'AMDMNOx', 'AMDMUOx', 'ANDENOx', 'AWHMAN', 'AWHNONAG', 'AWOTMAN', 'B020RE1Q156NBEA', 'B021RE1Q156NBEA', 'BAA', 'BAA10YM', 'BOGMBASEREALx', 'BUSINVx', 'BUSLOANSx', 'CE16OV', 'CES0600000007', 'CES0600000008', 'CES2000000008x', 'CES3000000008x', 'CES9091000001', 'CES9092000001', 'CES9093000001', 'CIVPART', 'CLAIMSx', 'CMRMTSPLx', 'CNCFx', 'COMPAPFF', 'COMPRMS', 'COMPRNFB', 'CONSPIx', 'CONSUMERx', 'CP3M', 'CPF3MTB3Mx', 'CPIAPPSL', 'CPIAUCSL', 'CPILFESL', 'CPIMEDSL', 'CPITRNSL', 'CPIULFSL', 'CUMFNS', 'CUSR0000SA0L2', 'CUSR0000SA0L5', 'CUSR0000SAC', 'CUSR0000SAD', 'CUSR0000SAS', 'CUSR0000SEHC', 'DCLORG3Q086SBEA', 'DDURRG3Q086SBEA', 'DFDHRG3Q086SBEA', 'DFSARG3Q086SBEA', 'DFXARG3Q086SBEA', 'DGDSRG3Q086SBEA', 'DGOERG3Q086SBEA', 'DHCERG3Q086SBEA', 'DHLCRG3Q086SBEA', 'DHUTRG3Q086SBEA', 'DIFSRG3Q086SBEA', 'DMANEMP', 'DMOTRG3Q086SBEA', 'DNDGRG3Q086SBEA', 'DODGRG3Q086SBEA', 'DONGRG3Q086SBEA', 'DOTSRG3Q086SBEA', 'DPIC96', 'DRCARG3Q086SBEA', 'DREQRG3Q086SBEA', 'DRIWCIL', 'DSERRG3Q086SBEA', 'DTCOLNVHFNM', 'DTCTHFNM', 'DTRSRG3Q086SBEA', 'EXCAUSx', 'EXJPUSx', 'EXPGSC1', 'EXSZUSx', 'EXUSEU', 'EXUSUKx', 'FEDFUNDS', 'FGRECPTx', 'FPIx', 'GCEC1', 'GDPCTPI', 'GFDEBTNx', 'GFDEGDQ188S', 'GPDIC1', 'GPDICTPI', 'GS1', 'GS10', 'GS10TB3Mx', 'GS1TB3Mx', 'GS5', 'HNOREMQ027Sx', 'HOABS', 'HOAMS', 'HOANBS', 'HOUST', 'HOUST5F', 'HOUSTMW', 'HOUSTNE', 'HOUSTS', 'HOUSTW', 'HWIURATIOx', 'HWIx', 'IMPGSC1', 'INDPRO', 'INVCQRMTSPL', 'INVEST', 'IPB51110SQ', 'IPB51220SQ', 'IPB51222S', 'IPBUSEQ', 'IPCONGD', 'IPDBS', 'IPDCONGD', 'IPDMAT']",[],gdp_saar_second_h1,2.522017872706056,0.0,1.067203547572717,100,fc9191840d7f93ff,False,0.7.0,2.522017872706056,0.0
bvar_minnesota_growth_8,/Users/rayhanmomin/code/fev-macro/results/processed_standard_h1_first_second_third_w100_20260216/log_real_gdp_dataset_second.parquet,,1,100,-100,1,1,,4,RMSE,[],[],id,timestamp,target,,[],"['A014RE1Q156NBEA', 'A823RL1Q225SBEA', 'AAA', 'AAAFFM', 'ACOGNOx', 'AHETPIx', 'AMDMNOx', 'AMDMUOx', 'ANDENOx', 'AWHMAN', 'AWHNONAG', 'AWOTMAN', 'B020RE1Q156NBEA', 'B021RE1Q156NBEA', 'BAA', 'BAA10YM', 'BOGMBASEREALx', 'BUSINVx', 'BUSLOANSx', 'CE16OV', 'CES0600000007', 'CES0600000008', 'CES2000000008x', 'CES3000000008x', 'CES9091000001', 'CES9092000001', 'CES9093000001', 'CIVPART', 'CLAIMSx', 'CMRMTSPLx', 'CNCFx', 'COMPAPFF', 'COMPRMS', 'COMPRNFB', 'CONSPIx', 'CONSUMERx', 'CP3M', 'CPF3MTB3Mx', 'CPIAPPSL', 'CPIAUCSL', 'CPILFESL', 'CPIMEDSL', 'CPITRNSL', 'CPIULFSL', 'CUMFNS', 'CUSR0000SA0L2', 'CUSR0000SA0L5', 'CUSR0000SAC', 'CUSR0000SAD', 'CUSR0000SAS', 'CUSR0000SEHC', 'DCLORG3Q086SBEA', 'DDURRG3Q086SBEA', 'DFDHRG3Q086SBEA', 'DFSARG3Q086SBEA', 'DFXARG3Q086SBEA', 'DGDSRG3Q086SBEA', 'DGOERG3Q086SBEA', 'DHCERG3Q086SBEA', 'DHLCRG3Q086SBEA', 'DHUTRG3Q086SBEA', 'DIFSRG3Q086SBEA', 'DMANEMP', 'DMOTRG3Q086SBEA', 'DNDGRG3Q086SBEA', 'DODGRG3Q086SBEA', 'DONGRG3Q086SBEA', 'DOTSRG3Q086SBEA', 'DPIC96', 'DRCARG3Q086SBEA', 'DREQRG3Q086SBEA', 'DRIWCIL', 'DSERRG3Q086SBEA', 'DTCOLNVHFNM', 'DTCTHFNM', 'DTRSRG3Q086SBEA', 'EXCAUSx', 'EXJPUSx', 'EXPGSC1', 'EXSZUSx', 'EXUSEU', 'EXUSUKx', 'FEDFUNDS', 'FGRECPTx', 'FPIx', 'GCEC1', 'GDPCTPI', 'GFDEBTNx', 'GFDEGDQ188S', 'GPDIC1', 'GPDICTPI', 'GS1', 'GS10', 'GS10TB3Mx', 'GS1TB3Mx', 'GS5', 'HNOREMQ027Sx', 'HOABS', 'HOAMS', 'HOANBS', 'HOUST', 'HOUST5F', 'HOUSTMW', 'HOUSTNE', 'HOUSTS', 'HOUSTW', 'HWIURATIOx', 'HWIx', 'IMPGSC1', 'INDPRO', 'INVCQRMTSPL', 'INVEST', 'IPB51110SQ', 'IPB51220SQ', 'IPB51222S', 'IPBUSEQ', 'IPCONGD', 'IPDBS', 'IPDCONGD', 'IPDMAT']",[],gdp_saar_second_h1,2.5220421556383372,0.0,1.2343294109450653,100,fc9191840d7f93ff,False,0.7.0,2.5220421556383372,0.0
auto_ets,/Users/rayhanmomin/code/fev-macro/results/processed_standard_h1_first_second_third_w100_20260216/log_real_gdp_dataset_second.parquet,,1,100,-100,1,1,,4,RMSE,[],[],id,timestamp,target,,[],"['A014RE1Q156NBEA', 'A823RL1Q225SBEA', 'AAA', 'AAAFFM', 'ACOGNOx', 'AHETPIx', 'AMDMNOx', 'AMDMUOx', 'ANDENOx', 'AWHMAN', 'AWHNONAG', 'AWOTMAN', 'B020RE1Q156NBEA', 'B021RE1Q156NBEA', 'BAA', 'BAA10YM', 'BOGMBASEREALx', 'BUSINVx', 'BUSLOANSx', 'CE16OV', 'CES0600000007', 'CES0600000008', 'CES2000000008x', 'CES3000000008x', 'CES9091000001', 'CES9092000001', 'CES9093000001', 'CIVPART', 'CLAIMSx', 'CMRMTSPLx', 'CNCFx', 'COMPAPFF', 'COMPRMS', 'COMPRNFB', 'CONSPIx', 'CONSUMERx', 'CP3M', 'CPF3MTB3Mx', 'CPIAPPSL', 'CPIAUCSL', 'CPILFESL', 'CPIMEDSL', 'CPITRNSL', 'CPIULFSL', 'CUMFNS', 'CUSR0000SA0L2', 'CUSR0000SA0L5', 'CUSR0000SAC', 'CUSR0000SAD', 'CUSR0000SAS', 'CUSR0000SEHC', 'DCLORG3Q086SBEA', 'DDURRG3Q086SBEA', 'DFDHRG3Q086SBEA', 'DFSARG3Q086SBEA', 'DFXARG3Q086SBEA', 'DGDSRG3Q086SBEA', 'DGOERG3Q086SBEA', 'DHCERG3Q086SBEA', 'DHLCRG3Q086SBEA', 'DHUTRG3Q086SBEA', 'DIFSRG3Q086SBEA', 'DMANEMP', 'DMOTRG3Q086SBEA', 'DNDGRG3Q086SBEA', 'DODGRG3Q086SBEA', 'DONGRG3Q086SBEA', 'DOTSRG3Q086SBEA', 'DPIC96', 'DRCARG3Q086SBEA', 'DREQRG3Q086SBEA', 'DRIWCIL', 'DSERRG3Q086SBEA', 'DTCOLNVHFNM', 'DTCTHFNM', 'DTRSRG3Q086SBEA', 'EXCAUSx', 'EXJPUSx', 'EXPGSC1', 'EXSZUSx', 'EXUSEU', 'EXUSUKx', 'FEDFUNDS', 'FGRECPTx', 'FPIx', 'GCEC1', 'GDPCTPI', 'GFDEBTNx', 'GFDEGDQ188S', 'GPDIC1', 'GPDICTPI', 'GS1', 'GS10', 'GS10TB3Mx', 'GS1TB3Mx', 'GS5', 'HNOREMQ027Sx', 'HOABS', 'HOAMS', 'HOANBS', 'HOUST', 'HOUST5F', 'HOUSTMW', 'HOUSTNE', 'HOUSTS', 'HOUSTW', 'HWIURATIOx', 'HWIx', 'IMPGSC1', 'INDPRO', 'INVCQRMTSPL', 'INVEST', 'IPB51110SQ', 'IPB51220SQ', 'IPB51222S', 'IPBUSEQ', 'IPCONGD', 'IPDBS', 'IPDCONGD', 'IPDMAT']",[],gdp_saar_second_h1,2.6658165723457934,0.0,3.47188337019179,100,fc9191840d7f93ff,False,0.7.0,2.6658165723457934,0.0
mixed_freq_dfm_md,/Users/rayhanmomin/code/fev-macro/results/processed_standard_h1_first_second_third_w100_20260216/log_real_gdp_dataset_second.parquet,,1,100,-100,1,1,,4,RMSE,[],[],id,timestamp,target,,[],"['A014RE1Q156NBEA', 'A823RL1Q225SBEA', 'AAA', 'AAAFFM', 'ACOGNOx', 'AHETPIx', 'AMDMNOx', 'AMDMUOx', 'ANDENOx', 'AWHMAN', 'AWHNONAG', 'AWOTMAN', 'B020RE1Q156NBEA', 'B021RE1Q156NBEA', 'BAA', 'BAA10YM', 'BOGMBASEREALx', 'BUSINVx', 'BUSLOANSx', 'CE16OV', 'CES0600000007', 'CES0600000008', 'CES2000000008x', 'CES3000000008x', 'CES9091000001', 'CES9092000001', 'CES9093000001', 'CIVPART', 'CLAIMSx', 'CMRMTSPLx', 'CNCFx', 'COMPAPFF', 'COMPRMS', 'COMPRNFB', 'CONSPIx', 'CONSUMERx', 'CP3M', 'CPF3MTB3Mx', 'CPIAPPSL', 'CPIAUCSL', 'CPILFESL', 'CPIMEDSL', 'CPITRNSL', 'CPIULFSL', 'CUMFNS', 'CUSR0000SA0L2', 'CUSR0000SA0L5', 'CUSR0000SAC', 'CUSR0000SAD', 'CUSR0000SAS', 'CUSR0000SEHC', 'DCLORG3Q086SBEA', 'DDURRG3Q086SBEA', 'DFDHRG3Q086SBEA', 'DFSARG3Q086SBEA', 'DFXARG3Q086SBEA', 'DGDSRG3Q086SBEA', 'DGOERG3Q086SBEA', 'DHCERG3Q086SBEA', 'DHLCRG3Q086SBEA', 'DHUTRG3Q086SBEA', 'DIFSRG3Q086SBEA', 'DMANEMP', 'DMOTRG3Q086SBEA', 'DNDGRG3Q086SBEA', 'DODGRG3Q086SBEA', 'DONGRG3Q086SBEA', 'DOTSRG3Q086SBEA', 'DPIC96', 'DRCARG3Q086SBEA', 'DREQRG3Q086SBEA', 'DRIWCIL', 'DSERRG3Q086SBEA', 'DTCOLNVHFNM', 'DTCTHFNM', 'DTRSRG3Q086SBEA', 'EXCAUSx', 'EXJPUSx', 'EXPGSC1', 'EXSZUSx', 'EXUSEU', 'EXUSUKx', 'FEDFUNDS', 'FGRECPTx', 'FPIx', 'GCEC1', 'GDPCTPI', 'GFDEBTNx', 'GFDEGDQ188S', 'GPDIC1', 'GPDICTPI', 'GS1', 'GS10', 'GS10TB3Mx', 'GS1TB3Mx', 'GS5', 'HNOREMQ027Sx', 'HOABS', 'HOAMS', 'HOANBS', 'HOUST', 'HOUST5F', 'HOUSTMW', 'HOUSTNE', 'HOUSTS', 'HOUSTW', 'HWIURATIOx', 'HWIx', 'IMPGSC1', 'INDPRO', 'INVCQRMTSPL', 'INVEST', 'IPB51110SQ', 'IPB51220SQ', 'IPB51222S', 'IPBUSEQ', 'IPCONGD', 'IPDBS', 'IPDCONGD', 'IPDMAT']",[],gdp_saar_second_h1,2.645744142085314,0.0,0.9459509995067492,100,fc9191840d7f93ff,False,0.7.0,2.645744142085314,0.0
chronos2,/Users/rayhanmomin/code/fev-macro/results/processed_standard_h1_first_second_third_w100_20260216/log_real_gdp_dataset_second.parquet,,1,100,-100,1,1,,4,RMSE,[],[],id,timestamp,target,,[],"['A014RE1Q156NBEA', 'A823RL1Q225SBEA', 'AAA', 'AAAFFM', 'ACOGNOx', 'AHETPIx', 'AMDMNOx', 'AMDMUOx', 'ANDENOx', 'AWHMAN', 'AWHNONAG', 'AWOTMAN', 'B020RE1Q156NBEA', 'B021RE1Q156NBEA', 'BAA', 'BAA10YM', 'BOGMBASEREALx', 'BUSINVx', 'BUSLOANSx', 'CE16OV', 'CES0600000007', 'CES0600000008', 'CES2000000008x', 'CES3000000008x', 'CES9091000001', 'CES9092000001', 'CES9093000001', 'CIVPART', 'CLAIMSx', 'CMRMTSPLx', 'CNCFx', 'COMPAPFF', 'COMPRMS', 'COMPRNFB', 'CONSPIx', 'CONSUMERx', 'CP3M', 'CPF3MTB3Mx', 'CPIAPPSL', 'CPIAUCSL', 'CPILFESL', 'CPIMEDSL', 'CPITRNSL', 'CPIULFSL', 'CUMFNS', 'CUSR0000SA0L2', 'CUSR0000SA0L5', 'CUSR0000SAC', 'CUSR0000SAD', 'CUSR0000SAS', 'CUSR0000SEHC', 'DCLORG3Q086SBEA', 'DDURRG3Q086SBEA', 'DFDHRG3Q086SBEA', 'DFSARG3Q086SBEA', 'DFXARG3Q086SBEA', 'DGDSRG3Q086SBEA', 'DGOERG3Q086SBEA', 'DHCERG3Q086SBEA', 'DHLCRG3Q086SBEA', 'DHUTRG3Q086SBEA', 'DIFSRG3Q086SBEA', 'DMANEMP', 'DMOTRG3Q086SBEA', 'DNDGRG3Q086SBEA', 'DODGRG3Q086SBEA', 'DONGRG3Q086SBEA', 'DOTSRG3Q086SBEA', 'DPIC96', 'DRCARG3Q086SBEA', 'DREQRG3Q086SBEA', 'DRIWCIL', 'DSERRG3Q086SBEA', 'DTCOLNVHFNM', 'DTCTHFNM', 'DTRSRG3Q086SBEA', 'EXCAUSx', 'EXJPUSx', 'EXPGSC1', 'EXSZUSx', 'EXUSEU', 'EXUSUKx', 'FEDFUNDS', 'FGRECPTx', 'FPIx', 'GCEC1', 'GDPCTPI', 'GFDEBTNx', 'GFDEGDQ188S', 'GPDIC1', 'GPDICTPI', 'GS1', 'GS10', 'GS10TB3Mx', 'GS1TB3Mx', 'GS5', 'HNOREMQ027Sx', 'HOABS', 'HOAMS', 'HOANBS', 'HOUST', 'HOUST5F', 'HOUSTMW', 'HOUSTNE', 'HOUSTS', 'HOUSTW', 'HWIURATIOx', 'HWIx', 'IMPGSC1', 'INDPRO', 'INVCQRMTSPL', 'INVEST', 'IPB51110SQ', 'IPB51220SQ', 'IPB51222S', 'IPBUSEQ', 'IPCONGD', 'IPDBS', 'IPDCONGD', 'IPDMAT']",[],gdp_saar_second_h1,2.6338122165948152,0.0,70.30379691440612,100,fc9191840d7f93ff,False,0.7.0,2.6338122165948152,0.0
xgboost,/Users/rayhanmomin/code/fev-macro/results/processed_standard_h1_first_second_third_w100_20260216/log_real_gdp_dataset_second.parquet,,1,100,-100,1,1,,4,RMSE,[],[],id,timestamp,target,,[],"['A014RE1Q156NBEA', 'A823RL1Q225SBEA', 'AAA', 'AAAFFM', 'ACOGNOx', 'AHETPIx', 'AMDMNOx', 'AMDMUOx', 'ANDENOx', 'AWHMAN', 'AWHNONAG', 'AWOTMAN', 'B020RE1Q156NBEA', 'B021RE1Q156NBEA', 'BAA', 'BAA10YM', 'BOGMBASEREALx', 'BUSINVx', 'BUSLOANSx', 'CE16OV', 'CES0600000007', 'CES0600000008', 'CES2000000008x', 'CES3000000008x', 'CES9091000001', 'CES9092000001', 'CES9093000001', 'CIVPART', 'CLAIMSx', 'CMRMTSPLx', 'CNCFx', 'COMPAPFF', 'COMPRMS', 'COMPRNFB', 'CONSPIx', 'CONSUMERx', 'CP3M', 'CPF3MTB3Mx', 'CPIAPPSL', 'CPIAUCSL', 'CPILFESL', 'CPIMEDSL', 'CPITRNSL', 'CPIULFSL', 'CUMFNS', 'CUSR0000SA0L2', 'CUSR0000SA0L5', 'CUSR0000SAC', 'CUSR0000SAD', 'CUSR0000SAS', 'CUSR0000SEHC', 'DCLORG3Q086SBEA', 'DDURRG3Q086SBEA', 'DFDHRG3Q086SBEA', 'DFSARG3Q086SBEA', 'DFXARG3Q086SBEA', 'DGDSRG3Q086SBEA', 'DGOERG3Q086SBEA', 'DHCERG3Q086SBEA', 'DHLCRG3Q086SBEA', 'DHUTRG3Q086SBEA', 'DIFSRG3Q086SBEA', 'DMANEMP', 'DMOTRG3Q086SBEA', 'DNDGRG3Q086SBEA', 'DODGRG3Q086SBEA', 'DONGRG3Q086SBEA', 'DOTSRG3Q086SBEA', 'DPIC96', 'DRCARG3Q086SBEA', 'DREQRG3Q086SBEA', 'DRIWCIL', 'DSERRG3Q086SBEA', 'DTCOLNVHFNM', 'DTCTHFNM', 'DTRSRG3Q086SBEA', 'EXCAUSx', 'EXJPUSx', 'EXPGSC1', 'EXSZUSx', 'EXUSEU', 'EXUSUKx', 'FEDFUNDS', 'FGRECPTx', 'FPIx', 'GCEC1', 'GDPCTPI', 'GFDEBTNx', 'GFDEGDQ188S', 'GPDIC1', 'GPDICTPI', 'GS1', 'GS10', 'GS10TB3Mx', 'GS1TB3Mx', 'GS5', 'HNOREMQ027Sx', 'HOABS', 'HOAMS', 'HOANBS', 'HOUST', 'HOUST5F', 'HOUSTMW', 'HOUSTNE', 'HOUSTS', 'HOUSTW', 'HWIURATIOx', 'HWIx', 'IMPGSC1', 'INDPRO', 'INVCQRMTSPL', 'INVEST', 'IPB51110SQ', 'IPB51220SQ', 'IPB51222S', 'IPBUSEQ', 'IPCONGD', 'IPDBS', 'IPDCONGD', 'IPDMAT']",[],gdp_saar_second_h1,2.575351358242333,0.0,128.08196578989737,100,fc9191840d7f93ff,False,0.7.0,2.575351358242333,0.0
bvar_minnesota_20,/Users/rayhanmomin/code/fev-macro/results/processed_standard_h1_first_second_third_w100_20260216/log_real_gdp_dataset_second.parquet,,1,100,-100,1,1,,4,RMSE,[],[],id,timestamp,target,,[],"['A014RE1Q156NBEA', 'A823RL1Q225SBEA', 'AAA', 'AAAFFM', 'ACOGNOx', 'AHETPIx', 'AMDMNOx', 'AMDMUOx', 'ANDENOx', 'AWHMAN', 'AWHNONAG', 'AWOTMAN', 'B020RE1Q156NBEA', 'B021RE1Q156NBEA', 'BAA', 'BAA10YM', 'BOGMBASEREALx', 'BUSINVx', 'BUSLOANSx', 'CE16OV', 'CES0600000007', 'CES0600000008', 'CES2000000008x', 'CES3000000008x', 'CES9091000001', 'CES9092000001', 'CES9093000001', 'CIVPART', 'CLAIMSx', 'CMRMTSPLx', 'CNCFx', 'COMPAPFF', 'COMPRMS', 'COMPRNFB', 'CONSPIx', 'CONSUMERx', 'CP3M', 'CPF3MTB3Mx', 'CPIAPPSL', 'CPIAUCSL', 'CPILFESL', 'CPIMEDSL', 'CPITRNSL', 'CPIULFSL', 'CUMFNS', 'CUSR0000SA0L2', 'CUSR0000SA0L5', 'CUSR0000SAC', 'CUSR0000SAD', 'CUSR0000SAS', 'CUSR0000SEHC', 'DCLORG3Q086SBEA', 'DDURRG3Q086SBEA', 'DFDHRG3Q086SBEA', 'DFSARG3Q086SBEA', 'DFXARG3Q086SBEA', 'DGDSRG3Q086SBEA', 'DGOERG3Q086SBEA', 'DHCERG3Q086SBEA', 'DHLCRG3Q086SBEA', 'DHUTRG3Q086SBEA', 'DIFSRG3Q086SBEA', 'DMANEMP', 'DMOTRG3Q086SBEA', 'DNDGRG3Q086SBEA', 'DODGRG3Q086SBEA', 'DONGRG3Q086SBEA', 'DOTSRG3Q086SBEA', 'DPIC96', 'DRCARG3Q086SBEA', 'DREQRG3Q086SBEA', 'DRIWCIL', 'DSERRG3Q086SBEA', 'DTCOLNVHFNM', 'DTCTHFNM', 'DTRSRG3Q086SBEA', 'EXCAUSx', 'EXJPUSx', 'EXPGSC1', 'EXSZUSx', 'EXUSEU', 'EXUSUKx', 'FEDFUNDS', 'FGRECPTx', 'FPIx', 'GCEC1', 'GDPCTPI', 'GFDEBTNx', 'GFDEGDQ188S', 'GPDIC1', 'GPDICTPI', 'GS1', 'GS10', 'GS10TB3Mx', 'GS1TB3Mx', 'GS5', 'HNOREMQ027Sx', 'HOABS', 'HOAMS', 'HOANBS', 'HOUST', 'HOUST5F', 'HOUSTMW', 'HOUSTNE', 'HOUSTS', 'HOUSTW', 'HWIURATIOx', 'HWIx', 'IMPGSC1', 'INDPRO', 'INVCQRMTSPL', 'INVEST', 'IPB51110SQ', 'IPB51220SQ', 'IPB51222S', 'IPBUSEQ', 'IPCONGD', 'IPDBS', 'IPDCONGD', 'IPDMAT']",[],gdp_saar_second_h1,2.6643339843302964,0.0,1.5313892440171912,100,fc9191840d7f93ff,False,0.7.0,2.6643339843302964,0.0
bvar_minnesota_growth_20,/Users/rayhanmomin/code/fev-macro/results/processed_standard_h1_first_second_third_w100_20260216/log_real_gdp_dataset_second.parquet,,1,100,-100,1,1,,4,RMSE,[],[],id,timestamp,target,,[],"['A014RE1Q156NBEA', 'A823RL1Q225SBEA', 'AAA', 'AAAFFM', 'ACOGNOx', 'AHETPIx', 'AMDMNOx', 'AMDMUOx', 'ANDENOx', 'AWHMAN', 'AWHNONAG', 'AWOTMAN', 'B020RE1Q156NBEA', 'B021RE1Q156NBEA', 'BAA', 'BAA10YM', 'BOGMBASEREALx', 'BUSINVx', 'BUSLOANSx', 'CE16OV', 'CES0600000007', 'CES0600000008', 'CES2000000008x', 'CES3000000008x', 'CES9091000001', 'CES9092000001', 'CES9093000001', 'CIVPART', 'CLAIMSx', 'CMRMTSPLx', 'CNCFx', 'COMPAPFF', 'COMPRMS', 'COMPRNFB', 'CONSPIx', 'CONSUMERx', 'CP3M', 'CPF3MTB3Mx', 'CPIAPPSL', 'CPIAUCSL', 'CPILFESL', 'CPIMEDSL', 'CPITRNSL', 'CPIULFSL', 'CUMFNS', 'CUSR0000SA0L2', 'CUSR0000SA0L5', 'CUSR0000SAC', 'CUSR0000SAD', 'CUSR0000SAS', 'CUSR0000SEHC', 'DCLORG3Q086SBEA', 'DDURRG3Q086SBEA', 'DFDHRG3Q086SBEA', 'DFSARG3Q086SBEA', 'DFXARG3Q086SBEA', 'DGDSRG3Q086SBEA', 'DGOERG3Q086SBEA', 'DHCERG3Q086SBEA', 'DHLCRG3Q086SBEA', 'DHUTRG3Q086SBEA', 'DIFSRG3Q086SBEA', 'DMANEMP', 'DMOTRG3Q086SBEA', 'DNDGRG3Q086SBEA', 'DODGRG3Q086SBEA', 'DONGRG3Q086SBEA', 'DOTSRG3Q086SBEA', 'DPIC96', 'DRCARG3Q086SBEA', 'DREQRG3Q086SBEA', 'DRIWCIL', 'DSERRG3Q086SBEA', 'DTCOLNVHFNM', 'DTCTHFNM', 'DTRSRG3Q086SBEA', 'EXCAUSx', 'EXJPUSx', 'EXPGSC1', 'EXSZUSx', 'EXUSEU', 'EXUSUKx', 'FEDFUNDS', 'FGRECPTx', 'FPIx', 'GCEC1', 'GDPCTPI', 'GFDEBTNx', 'GFDEGDQ188S', 'GPDIC1', 'GPDICTPI', 'GS1', 'GS10', 'GS10TB3Mx', 'GS1TB3Mx', 'GS5', 'HNOREMQ027Sx', 'HOABS', 'HOAMS', 'HOANBS', 'HOUST', 'HOUST5F', 'HOUSTMW', 'HOUSTNE', 'HOUSTS', 'HOUSTW', 'HWIURATIOx', 'HWIx', 'IMPGSC1', 'INDPRO', 'INVCQRMTSPL', 'INVEST', 'IPB51110SQ', 'IPB51220SQ', 'IPB51222S', 'IPBUSEQ', 'IPCONGD', 'IPDBS', 'IPDCONGD', 'IPDMAT']",[],gdp_saar_second_h1,2.6644897062331436,0.0,1.354328079149127,100,fc9191840d7f93ff,False,0.7.0,2.6644897062331436,0.0
local_trend_ssm,/Users/rayhanmomin/code/fev-macro/results/processed_standard_h1_first_second_third_w100_20260216/log_real_gdp_dataset_second.parquet,,1,100,-100,1,1,,4,RMSE,[],[],id,timestamp,target,,[],"['A014RE1Q156NBEA', 'A823RL1Q225SBEA', 'AAA', 'AAAFFM', 'ACOGNOx', 'AHETPIx', 'AMDMNOx', 'AMDMUOx', 'ANDENOx', 'AWHMAN', 'AWHNONAG', 'AWOTMAN', 'B020RE1Q156NBEA', 'B021RE1Q156NBEA', 'BAA', 'BAA10YM', 'BOGMBASEREALx', 'BUSINVx', 'BUSLOANSx', 'CE16OV', 'CES0600000007', 'CES0600000008', 'CES2000000008x', 'CES3000000008x', 'CES9091000001', 'CES9092000001', 'CES9093000001', 'CIVPART', 'CLAIMSx', 'CMRMTSPLx', 'CNCFx', 'COMPAPFF', 'COMPRMS', 'COMPRNFB', 'CONSPIx', 'CONSUMERx', 'CP3M', 'CPF3MTB3Mx', 'CPIAPPSL', 'CPIAUCSL', 'CPILFESL', 'CPIMEDSL', 'CPITRNSL', 'CPIULFSL', 'CUMFNS', 'CUSR0000SA0L2', 'CUSR0000SA0L5', 'CUSR0000SAC', 'CUSR0000SAD', 'CUSR0000SAS', 'CUSR0000SEHC', 'DCLORG3Q086SBEA', 'DDURRG3Q086SBEA', 'DFDHRG3Q086SBEA', 'DFSARG3Q086SBEA', 'DFXARG3Q086SBEA', 'DGDSRG3Q086SBEA', 'DGOERG3Q086SBEA', 'DHCERG3Q086SBEA', 'DHLCRG3Q086SBEA', 'DHUTRG3Q086SBEA', 'DIFSRG3Q086SBEA', 'DMANEMP', 'DMOTRG3Q086SBEA', 'DNDGRG3Q086SBEA', 'DODGRG3Q086SBEA', 'DONGRG3Q086SBEA', 'DOTSRG3Q086SBEA', 'DPIC96', 'DRCARG3Q086SBEA', 'DREQRG3Q086SBEA', 'DRIWCIL', 'DSERRG3Q086SBEA', 'DTCOLNVHFNM', 'DTCTHFNM', 'DTRSRG3Q086SBEA', 'EXCAUSx', 'EXJPUSx', 'EXPGSC1', 'EXSZUSx', 'EXUSEU', 'EXUSUKx', 'FEDFUNDS', 'FGRECPTx', 'FPIx', 'GCEC1', 'GDPCTPI', 'GFDEBTNx', 'GFDEGDQ188S', 'GPDIC1', 'GPDICTPI', 'GS1', 'GS10', 'GS10TB3Mx', 'GS1TB3Mx', 'GS5', 'HNOREMQ027Sx', 'HOABS', 'HOAMS', 'HOANBS', 'HOUST', 'HOUST5F', 'HOUSTMW', 'HOUSTNE', 'HOUSTS', 'HOUSTW', 'HWIURATIOx', 'HWIx', 'IMPGSC1', 'INDPRO', 'INVCQRMTSPL', 'INVEST', 'IPB51110SQ', 'IPB51220SQ', 'IPB51222S', 'IPBUSEQ', 'IPCONGD', 'IPDBS', 'IPDCONGD', 'IPDMAT']",[],gdp_saar_second_h1,2.4417849051207305,0.0,12.827136289561167,100,fc9191840d7f93ff,False,0.7.0,2.4417849051207305,0.0
factor_pca_qd,/Users/rayhanmomin/code/fev-macro/results/processed_standard_h1_first_second_third_w100_20260216/log_real_gdp_dataset_second.parquet,,1,100,-100,1,1,,4,RMSE,[],[],id,timestamp,target,,[],"['A014RE1Q156NBEA', 'A823RL1Q225SBEA', 'AAA', 'AAAFFM', 'ACOGNOx', 'AHETPIx', 'AMDMNOx', 'AMDMUOx', 'ANDENOx', 'AWHMAN', 'AWHNONAG', 'AWOTMAN', 'B020RE1Q156NBEA', 'B021RE1Q156NBEA', 'BAA', 'BAA10YM', 'BOGMBASEREALx', 'BUSINVx', 'BUSLOANSx', 'CE16OV', 'CES0600000007', 'CES0600000008', 'CES2000000008x', 'CES3000000008x', 'CES9091000001', 'CES9092000001', 'CES9093000001', 'CIVPART', 'CLAIMSx', 'CMRMTSPLx', 'CNCFx', 'COMPAPFF', 'COMPRMS', 'COMPRNFB', 'CONSPIx', 'CONSUMERx', 'CP3M', 'CPF3MTB3Mx', 'CPIAPPSL', 'CPIAUCSL', 'CPILFESL', 'CPIMEDSL', 'CPITRNSL', 'CPIULFSL', 'CUMFNS', 'CUSR0000SA0L2', 'CUSR0000SA0L5', 'CUSR0000SAC', 'CUSR0000SAD', 'CUSR0000SAS', 'CUSR0000SEHC', 'DCLORG3Q086SBEA', 'DDURRG3Q086SBEA', 'DFDHRG3Q086SBEA', 'DFSARG3Q086SBEA', 'DFXARG3Q086SBEA', 'DGDSRG3Q086SBEA', 'DGOERG3Q086SBEA', 'DHCERG3Q086SBEA', 'DHLCRG3Q086SBEA', 'DHUTRG3Q086SBEA', 'DIFSRG3Q086SBEA', 'DMANEMP', 'DMOTRG3Q086SBEA', 'DNDGRG3Q086SBEA', 'DODGRG3Q086SBEA', 'DONGRG3Q086SBEA', 'DOTSRG3Q086SBEA', 'DPIC96', 'DRCARG3Q086SBEA', 'DREQRG3Q086SBEA', 'DRIWCIL', 'DSERRG3Q086SBEA', 'DTCOLNVHFNM', 'DTCTHFNM', 'DTRSRG3Q086SBEA', 'EXCAUSx', 'EXJPUSx', 'EXPGSC1', 'EXSZUSx', 'EXUSEU', 'EXUSUKx', 'FEDFUNDS', 'FGRECPTx', 'FPIx', 'GCEC1', 'GDPCTPI', 'GFDEBTNx', 'GFDEGDQ188S', 'GPDIC1', 'GPDICTPI', 'GS1', 'GS10', 'GS10TB3Mx', 'GS1TB3Mx', 'GS5', 'HNOREMQ027Sx', 'HOABS', 'HOAMS', 'HOANBS', 'HOUST', 'HOUST5F', 'HOUSTMW', 'HOUSTNE', 'HOUSTS', 'HOUSTW', 'HWIURATIOx', 'HWIx', 'IMPGSC1', 'INDPRO', 'INVCQRMTSPL', 'INVEST', 'IPB51110SQ', 'IPB51220SQ', 'IPB51222S', 'IPBUSEQ', 'IPCONGD', 'IPDBS', 'IPDCONGD', 'IPDMAT']",[],gdp_saar_second_h1,2.927009922042489,0.0,2.0774080868577585,100,fc9191840d7f93ff,False,0.7.0,2.927009922042489,0.0
naive_last,/Users/rayhanmomin/code/fev-macro/results/processed_standard_h1_first_second_third_w100_20260216/log_real_gdp_dataset_second.parquet,,1,100,-100,1,1,,4,RMSE,[],[],id,timestamp,target,,[],"['A014RE1Q156NBEA', 'A823RL1Q225SBEA', 'AAA', 'AAAFFM', 'ACOGNOx', 'AHETPIx', 'AMDMNOx', 'AMDMUOx', 'ANDENOx', 'AWHMAN', 'AWHNONAG', 'AWOTMAN', 'B020RE1Q156NBEA', 'B021RE1Q156NBEA', 'BAA', 'BAA10YM', 'BOGMBASEREALx', 'BUSINVx', 'BUSLOANSx', 'CE16OV', 'CES0600000007', 'CES0600000008', 'CES2000000008x', 'CES3000000008x', 'CES9091000001', 'CES9092000001', 'CES9093000001', 'CIVPART', 'CLAIMSx', 'CMRMTSPLx', 'CNCFx', 'COMPAPFF', 'COMPRMS', 'COMPRNFB', 'CONSPIx', 'CONSUMERx', 'CP3M', 'CPF3MTB3Mx', 'CPIAPPSL', 'CPIAUCSL', 'CPILFESL', 'CPIMEDSL', 'CPITRNSL', 'CPIULFSL', 'CUMFNS', 'CUSR0000SA0L2', 'CUSR0000SA0L5', 'CUSR0000SAC', 'CUSR0000SAD', 'CUSR0000SAS', 'CUSR0000SEHC', 'DCLORG3Q086SBEA', 'DDURRG3Q086SBEA', 'DFDHRG3Q086SBEA', 'DFSARG3Q086SBEA', 'DFXARG3Q086SBEA', 'DGDSRG3Q086SBEA', 'DGOERG3Q086SBEA', 'DHCERG3Q086SBEA', 'DHLCRG3Q086SBEA', 'DHUTRG3Q086SBEA', 'DIFSRG3Q086SBEA', 'DMANEMP', 'DMOTRG3Q086SBEA', 'DNDGRG3Q086SBEA', 'DODGRG3Q086SBEA', 'DONGRG3Q086SBEA', 'DOTSRG3Q086SBEA', 'DPIC96', 'DRCARG3Q086SBEA', 'DREQRG3Q086SBEA', 'DRIWCIL', 'DSERRG3Q086SBEA', 'DTCOLNVHFNM', 'DTCTHFNM', 'DTRSRG3Q086SBEA', 'EXCAUSx', 'EXJPUSx', 'EXPGSC1', 'EXSZUSx', 'EXUSEU', 'EXUSUKx', 'FEDFUNDS', 'FGRECPTx', 'FPIx', 'GCEC1', 'GDPCTPI', 'GFDEBTNx', 'GFDEGDQ188S', 'GPDIC1', 'GPDICTPI', 'GS1', 'GS10', 'GS10TB3Mx', 'GS1TB3Mx', 'GS5', 'HNOREMQ027Sx', 'HOABS', 'HOAMS', 'HOANBS', 'HOUST', 'HOUST5F', 'HOUSTMW', 'HOUSTNE', 'HOUSTS', 'HOUSTW', 'HWIURATIOx', 'HWIx', 'IMPGSC1', 'INDPRO', 'INVCQRMTSPL', 'INVEST', 'IPB51110SQ', 'IPB51220SQ', 'IPB51222S', 'IPBUSEQ', 'IPCONGD', 'IPDBS', 'IPDCONGD', 'IPDMAT']",[],gdp_saar_second_h1,3.2767799462378027,0.0,0.5125099624274299,100,fc9191840d7f93ff,False,0.7.0,3.2767799462378027,0.0
drift,/Users/rayhanmomin/code/fev-macro/results/processed_standard_h1_first_second_third_w100_20260216/log_real_gdp_dataset_second.parquet,,1,100,-100,1,1,,4,RMSE,[],[],id,timestamp,target,,[],"['A014RE1Q156NBEA', 'A823RL1Q225SBEA', 'AAA', 'AAAFFM', 'ACOGNOx', 'AHETPIx', 'AMDMNOx', 'AMDMUOx', 'ANDENOx', 'AWHMAN', 'AWHNONAG', 'AWOTMAN', 'B020RE1Q156NBEA', 'B021RE1Q156NBEA', 'BAA', 'BAA10YM', 'BOGMBASEREALx', 'BUSINVx', 'BUSLOANSx', 'CE16OV', 'CES0600000007', 'CES0600000008', 'CES2000000008x', 'CES3000000008x', 'CES9091000001', 'CES9092000001', 'CES9093000001', 'CIVPART', 'CLAIMSx', 'CMRMTSPLx', 'CNCFx', 'COMPAPFF', 'COMPRMS', 'COMPRNFB', 'CONSPIx', 'CONSUMERx', 'CP3M', 'CPF3MTB3Mx', 'CPIAPPSL', 'CPIAUCSL', 'CPILFESL', 'CPIMEDSL', 'CPITRNSL', 'CPIULFSL', 'CUMFNS', 'CUSR0000SA0L2', 'CUSR0000SA0L5', 'CUSR0000SAC', 'CUSR0000SAD', 'CUSR0000SAS', 'CUSR0000SEHC', 'DCLORG3Q086SBEA', 'DDURRG3Q086SBEA', 'DFDHRG3Q086SBEA', 'DFSARG3Q086SBEA', 'DFXARG3Q086SBEA', 'DGDSRG3Q086SBEA', 'DGOERG3Q086SBEA', 'DHCERG3Q086SBEA', 'DHLCRG3Q086SBEA', 'DHUTRG3Q086SBEA', 'DIFSRG3Q086SBEA', 'DMANEMP', 'DMOTRG3Q086SBEA', 'DNDGRG3Q086SBEA', 'DODGRG3Q086SBEA', 'DONGRG3Q086SBEA', 'DOTSRG3Q086SBEA', 'DPIC96', 'DRCARG3Q086SBEA', 'DREQRG3Q086SBEA', 'DRIWCIL', 'DSERRG3Q086SBEA', 'DTCOLNVHFNM', 'DTCTHFNM', 'DTRSRG3Q086SBEA', 'EXCAUSx', 'EXJPUSx', 'EXPGSC1', 'EXSZUSx', 'EXUSEU', 'EXUSUKx', 'FEDFUNDS', 'FGRECPTx', 'FPIx', 'GCEC1', 'GDPCTPI', 'GFDEBTNx', 'GFDEGDQ188S', 'GPDIC1', 'GPDICTPI', 'GS1', 'GS10', 'GS10TB3Mx', 'GS1TB3Mx', 'GS5', 'HNOREMQ027Sx', 'HOABS', 'HOAMS', 'HOANBS', 'HOUST', 'HOUST5F', 'HOUSTMW', 'HOUSTNE', 'HOUSTS', 'HOUSTW', 'HWIURATIOx', 'HWIx', 'IMPGSC1', 'INDPRO', 'INVCQRMTSPL', 'INVEST', 'IPB51110SQ', 'IPB51220SQ', 'IPB51222S', 'IPBUSEQ', 'IPCONGD', 'IPDBS', 'IPDCONGD', 'IPDMAT']",[],gdp_saar_second_h1,3.2827498389407994,0.0,0.5069223314058036,100,fc9191840d7f93ff,False,0.7.0,3.2827498389407994,0.0
seasonal_naive,/Users/rayhanmomin/code/fev-macro/results/processed_standard_h1_first_second_third_w100_20260216/log_real_gdp_dataset_second.parquet,,1,100,-100,1,1,,4,RMSE,[],[],id,timestamp,target,,[],"['A014RE1Q156NBEA', 'A823RL1Q225SBEA', 'AAA', 'AAAFFM', 'ACOGNOx', 'AHETPIx', 'AMDMNOx', 'AMDMUOx', 'ANDENOx', 'AWHMAN', 'AWHNONAG', 'AWOTMAN', 'B020RE1Q156NBEA', 'B021RE1Q156NBEA', 'BAA', 'BAA10YM', 'BOGMBASEREALx', 'BUSINVx', 'BUSLOANSx', 'CE16OV', 'CES0600000007', 'CES0600000008', 'CES2000000008x', 'CES3000000008x', 'CES9091000001', 'CES9092000001', 'CES9093000001', 'CIVPART', 'CLAIMSx', 'CMRMTSPLx', 'CNCFx', 'COMPAPFF', 'COMPRMS', 'COMPRNFB', 'CONSPIx', 'CONSUMERx', 'CP3M', 'CPF3MTB3Mx', 'CPIAPPSL', 'CPIAUCSL', 'CPILFESL', 'CPIMEDSL', 'CPITRNSL', 'CPIULFSL', 'CUMFNS', 'CUSR0000SA0L2', 'CUSR0000SA0L5', 'CUSR0000SAC', 'CUSR0000SAD', 'CUSR0000SAS', 'CUSR0000SEHC', 'DCLORG3Q086SBEA', 'DDURRG3Q086SBEA', 'DFDHRG3Q086SBEA', 'DFSARG3Q086SBEA', 'DFXARG3Q086SBEA', 'DGDSRG3Q086SBEA', 'DGOERG3Q086SBEA', 'DHCERG3Q086SBEA', 'DHLCRG3Q086SBEA', 'DHUTRG3Q086SBEA', 'DIFSRG3Q086SBEA', 'DMANEMP', 'DMOTRG3Q086SBEA', 'DNDGRG3Q086SBEA', 'DODGRG3Q086SBEA', 'DONGRG3Q086SBEA', 'DOTSRG3Q086SBEA', 'DPIC96', 'DRCARG3Q086SBEA', 'DREQRG3Q086SBEA', 'DRIWCIL', 'DSERRG3Q086SBEA', 'DTCOLNVHFNM', 'DTCTHFNM', 'DTRSRG3Q086SBEA', 'EXCAUSx', 'EXJPUSx', 'EXPGSC1', 'EXSZUSx', 'EXUSEU', 'EXUSUKx', 'FEDFUNDS', 'FGRECPTx', 'FPIx', 'GCEC1', 'GDPCTPI', 'GFDEBTNx', 'GFDEGDQ188S', 'GPDIC1', 'GPDICTPI', 'GS1', 'GS10', 'GS10TB3Mx', 'GS1TB3Mx', 'GS5', 'HNOREMQ027Sx', 'HOABS', 'HOAMS', 'HOANBS', 'HOUST', 'HOUST5F', 'HOUSTMW', 'HOUSTNE', 'HOUSTS', 'HOUSTW', 'HWIURATIOx', 'HWIx', 'IMPGSC1', 'INDPRO', 'INVCQRMTSPL', 'INVEST', 'IPB51110SQ', 'IPB51220SQ', 'IPB51222S', 'IPBUSEQ', 'IPCONGD', 'IPDBS', 'IPDCONGD', 'IPDMAT']",[],gdp_saar_second_h1,3.8024073539674283,0.0,0.49858733371365815,100,fc9191840d7f93ff,False,0.7.0,3.8024073539674283,0.0
mean,/Users/rayhanmomin/code/fev-macro/results/processed_standard_h1_first_second_third_w100_20260216/log_real_gdp_dataset_third.parquet,,1,100,-100,1,1,,4,RMSE,[],[],id,timestamp,target,,[],"['A014RE1Q156NBEA', 'A823RL1Q225SBEA', 'AAA', 'AAAFFM', 'ACOGNOx', 'AHETPIx', 'AMDMNOx', 'AMDMUOx', 'ANDENOx', 'AWHMAN', 'AWHNONAG', 'AWOTMAN', 'B020RE1Q156NBEA', 'B021RE1Q156NBEA', 'BAA', 'BAA10YM', 'BOGMBASEREALx', 'BUSINVx', 'BUSLOANSx', 'CE16OV', 'CES0600000007', 'CES0600000008', 'CES2000000008x', 'CES3000000008x', 'CES9091000001', 'CES9092000001', 'CES9093000001', 'CIVPART', 'CLAIMSx', 'CMRMTSPLx', 'CNCFx', 'COMPAPFF', 'COMPRMS', 'COMPRNFB', 'CONSPIx', 'CONSUMERx', 'CP3M', 'CPF3MTB3Mx', 'CPIAPPSL', 'CPIAUCSL', 'CPILFESL', 'CPIMEDSL', 'CPITRNSL', 'CPIULFSL', 'CUMFNS', 'CUSR0000SA0L2', 'CUSR0000SA0L5', 'CUSR0000SAC', 'CUSR0000SAD', 'CUSR0000SAS', 'CUSR0000SEHC', 'DCLORG3Q086SBEA', 'DDURRG3Q086SBEA', 'DFDHRG3Q086SBEA', 'DFSARG3Q086SBEA', 'DFXARG3Q086SBEA', 'DGDSRG3Q086SBEA', 'DGOERG3Q086SBEA', 'DHCERG3Q086SBEA', 'DHLCRG3Q086SBEA', 'DHUTRG3Q086SBEA', 'DIFSRG3Q086SBEA', 'DMANEMP', 'DMOTRG3Q086SBEA', 'DNDGRG3Q086SBEA', 'DODGRG3Q086SBEA', 'DONGRG3Q086SBEA', 'DOTSRG3Q086SBEA', 'DPIC96', 'DRCARG3Q086SBEA', 'DREQRG3Q086SBEA', 'DRIWCIL', 'DSERRG3Q086SBEA', 'DTCOLNVHFNM', 'DTCTHFNM', 'DTRSRG3Q086SBEA', 'EXCAUSx', 'EXJPUSx', 'EXPGSC1', 'EXSZUSx', 'EXUSEU', 'EXUSUKx', 'FEDFUNDS', 'FGRECPTx', 'FPIx', 'GCEC1', 'GDPCTPI', 'GFDEBTNx', 'GFDEGDQ188S', 'GPDIC1', 'GPDICTPI', 'GS1', 'GS10', 'GS10TB3Mx', 'GS1TB3Mx', 'GS5', 'HNOREMQ027Sx', 'HOABS', 'HOAMS', 'HOANBS', 'HOUST', 'HOUST5F', 'HOUSTMW', 'HOUSTNE', 'HOUSTS', 'HOUSTW', 'HWIURATIOx', 'HWIx', 'IMPGSC1', 'INDPRO', 'INVCQRMTSPL', 'INVEST', 'IPB51110SQ', 'IPB51220SQ', 'IPB51222S', 'IPBUSEQ', 'IPCONGD', 'IPDBS', 'IPDCONGD', 'IPDMAT']",[],gdp_saar_third_h1,2.4469283951073884,0.0,0.5439867093227804,100,c9f56e02c50c2644,False,0.7.0,2.4469283951073884,0.0
auto_arima,/Users/rayhanmomin/code/fev-macro/results/processed_standard_h1_first_second_third_w100_20260216/log_real_gdp_dataset_third.parquet,,1,100,-100,1,1,,4,RMSE,[],[],id,timestamp,target,,[],"['A014RE1Q156NBEA', 'A823RL1Q225SBEA', 'AAA', 'AAAFFM', 'ACOGNOx', 'AHETPIx', 'AMDMNOx', 'AMDMUOx', 'ANDENOx', 'AWHMAN', 'AWHNONAG', 'AWOTMAN', 'B020RE1Q156NBEA', 'B021RE1Q156NBEA', 'BAA', 'BAA10YM', 'BOGMBASEREALx', 'BUSINVx', 'BUSLOANSx', 'CE16OV', 'CES0600000007', 'CES0600000008', 'CES2000000008x', 'CES3000000008x', 'CES9091000001', 'CES9092000001', 'CES9093000001', 'CIVPART', 'CLAIMSx', 'CMRMTSPLx', 'CNCFx', 'COMPAPFF', 'COMPRMS', 'COMPRNFB', 'CONSPIx', 'CONSUMERx', 'CP3M', 'CPF3MTB3Mx', 'CPIAPPSL', 'CPIAUCSL', 'CPILFESL', 'CPIMEDSL', 'CPITRNSL', 'CPIULFSL', 'CUMFNS', 'CUSR0000SA0L2', 'CUSR0000SA0L5', 'CUSR0000SAC', 'CUSR0000SAD', 'CUSR0000SAS', 'CUSR0000SEHC', 'DCLORG3Q086SBEA', 'DDURRG3Q086SBEA', 'DFDHRG3Q086SBEA', 'DFSARG3Q086SBEA', 'DFXARG3Q086SBEA', 'DGDSRG3Q086SBEA', 'DGOERG3Q086SBEA', 'DHCERG3Q086SBEA', 'DHLCRG3Q086SBEA', 'DHUTRG3Q086SBEA', 'DIFSRG3Q086SBEA', 'DMANEMP', 'DMOTRG3Q086SBEA', 'DNDGRG3Q086SBEA', 'DODGRG3Q086SBEA', 'DONGRG3Q086SBEA', 'DOTSRG3Q086SBEA', 'DPIC96', 'DRCARG3Q086SBEA', 'DREQRG3Q086SBEA', 'DRIWCIL', 'DSERRG3Q086SBEA', 'DTCOLNVHFNM', 'DTCTHFNM', 'DTRSRG3Q086SBEA', 'EXCAUSx', 'EXJPUSx', 'EXPGSC1', 'EXSZUSx', 'EXUSEU', 'EXUSUKx', 'FEDFUNDS', 'FGRECPTx', 'FPIx', 'GCEC1', 'GDPCTPI', 'GFDEBTNx', 'GFDEGDQ188S', 'GPDIC1', 'GPDICTPI', 'GS1', 'GS10', 'GS10TB3Mx', 'GS1TB3Mx', 'GS5', 'HNOREMQ027Sx', 'HOABS', 'HOAMS', 'HOANBS', 'HOUST', 'HOUST5F', 'HOUSTMW', 'HOUSTNE', 'HOUSTS', 'HOUSTW', 'HWIURATIOx', 'HWIx', 'IMPGSC1', 'INDPRO', 'INVCQRMTSPL', 'INVEST', 'IPB51110SQ', 'IPB51220SQ', 'IPB51222S', 'IPBUSEQ', 'IPCONGD', 'IPDBS', 'IPDCONGD', 'IPDMAT']",[],gdp_saar_third_h1,2.484250401929021,0.0,45.53361345571466,100,c9f56e02c50c2644,False,0.7.0,2.484250401929021,0.0
theta,/Users/rayhanmomin/code/fev-macro/results/processed_standard_h1_first_second_third_w100_20260216/log_real_gdp_dataset_third.parquet,,1,100,-100,1,1,,4,RMSE,[],[],id,timestamp,target,,[],"['A014RE1Q156NBEA', 'A823RL1Q225SBEA', 'AAA', 'AAAFFM', 'ACOGNOx', 'AHETPIx', 'AMDMNOx', 'AMDMUOx', 'ANDENOx', 'AWHMAN', 'AWHNONAG', 'AWOTMAN', 'B020RE1Q156NBEA', 'B021RE1Q156NBEA', 'BAA', 'BAA10YM', 'BOGMBASEREALx', 'BUSINVx', 'BUSLOANSx', 'CE16OV', 'CES0600000007', 'CES0600000008', 'CES2000000008x', 'CES3000000008x', 'CES9091000001', 'CES9092000001', 'CES9093000001', 'CIVPART', 'CLAIMSx', 'CMRMTSPLx', 'CNCFx', 'COMPAPFF', 'COMPRMS', 'COMPRNFB', 'CONSPIx', 'CONSUMERx', 'CP3M', 'CPF3MTB3Mx', 'CPIAPPSL', 'CPIAUCSL', 'CPILFESL', 'CPIMEDSL', 'CPITRNSL', 'CPIULFSL', 'CUMFNS', 'CUSR0000SA0L2', 'CUSR0000SA0L5', 'CUSR0000SAC', 'CUSR0000SAD', 'CUSR0000SAS', 'CUSR0000SEHC', 'DCLORG3Q086SBEA', 'DDURRG3Q086SBEA', 'DFDHRG3Q086SBEA', 'DFSARG3Q086SBEA', 'DFXARG3Q086SBEA', 'DGDSRG3Q086SBEA', 'DGOERG3Q086SBEA', 'DHCERG3Q086SBEA', 'DHLCRG3Q086SBEA', 'DHUTRG3Q086SBEA', 'DIFSRG3Q086SBEA', 'DMANEMP', 'DMOTRG3Q086SBEA', 'DNDGRG3Q086SBEA', 'DODGRG3Q086SBEA', 'DONGRG3Q086SBEA', 'DOTSRG3Q086SBEA', 'DPIC96', 'DRCARG3Q086SBEA', 'DREQRG3Q086SBEA', 'DRIWCIL', 'DSERRG3Q086SBEA', 'DTCOLNVHFNM', 'DTCTHFNM', 'DTRSRG3Q086SBEA', 'EXCAUSx', 'EXJPUSx', 'EXPGSC1', 'EXSZUSx', 'EXUSEU', 'EXUSUKx', 'FEDFUNDS', 'FGRECPTx', 'FPIx', 'GCEC1', 'GDPCTPI', 'GFDEBTNx', 'GFDEGDQ188S', 'GPDIC1', 'GPDICTPI', 'GS1', 'GS10', 'GS10TB3Mx', 'GS1TB3Mx', 'GS5', 'HNOREMQ027Sx', 'HOABS', 'HOAMS', 'HOANBS', 'HOUST', 'HOUST5F', 'HOUSTMW', 'HOUSTNE', 'HOUSTS', 'HOUSTW', 'HWIURATIOx', 'HWIx', 'IMPGSC1', 'INDPRO', 'INVCQRMTSPL', 'INVEST', 'IPB51110SQ', 'IPB51220SQ', 'IPB51222S', 'IPBUSEQ', 'IPCONGD', 'IPDBS', 'IPDCONGD', 'IPDMAT']",[],gdp_saar_third_h1,2.5682027868554,0.0,1.1177494237199426,100,c9f56e02c50c2644,False,0.7.0,2.5682027868554,0.0
random_forest,/Users/rayhanmomin/code/fev-macro/results/processed_standard_h1_first_second_third_w100_20260216/log_real_gdp_dataset_third.parquet,,1,100,-100,1,1,,4,RMSE,[],[],id,timestamp,target,,[],"['A014RE1Q156NBEA', 'A823RL1Q225SBEA', 'AAA', 'AAAFFM', 'ACOGNOx', 'AHETPIx', 'AMDMNOx', 'AMDMUOx', 'ANDENOx', 'AWHMAN', 'AWHNONAG', 'AWOTMAN', 'B020RE1Q156NBEA', 'B021RE1Q156NBEA', 'BAA', 'BAA10YM', 'BOGMBASEREALx', 'BUSINVx', 'BUSLOANSx', 'CE16OV', 'CES0600000007', 'CES0600000008', 'CES2000000008x', 'CES3000000008x', 'CES9091000001', 'CES9092000001', 'CES9093000001', 'CIVPART', 'CLAIMSx', 'CMRMTSPLx', 'CNCFx', 'COMPAPFF', 'COMPRMS', 'COMPRNFB', 'CONSPIx', 'CONSUMERx', 'CP3M', 'CPF3MTB3Mx', 'CPIAPPSL', 'CPIAUCSL', 'CPILFESL', 'CPIMEDSL', 'CPITRNSL', 'CPIULFSL', 'CUMFNS', 'CUSR0000SA0L2', 'CUSR0000SA0L5', 'CUSR0000SAC', 'CUSR0000SAD', 'CUSR0000SAS', 'CUSR0000SEHC', 'DCLORG3Q086SBEA', 'DDURRG3Q086SBEA', 'DFDHRG3Q086SBEA', 'DFSARG3Q086SBEA', 'DFXARG3Q086SBEA', 'DGDSRG3Q086SBEA', 'DGOERG3Q086SBEA', 'DHCERG3Q086SBEA', 'DHLCRG3Q086SBEA', 'DHUTRG3Q086SBEA', 'DIFSRG3Q086SBEA', 'DMANEMP', 'DMOTRG3Q086SBEA', 'DNDGRG3Q086SBEA', 'DODGRG3Q086SBEA', 'DONGRG3Q086SBEA', 'DOTSRG3Q086SBEA', 'DPIC96', 'DRCARG3Q086SBEA', 'DREQRG3Q086SBEA', 'DRIWCIL', 'DSERRG3Q086SBEA', 'DTCOLNVHFNM', 'DTCTHFNM', 'DTRSRG3Q086SBEA', 'EXCAUSx', 'EXJPUSx', 'EXPGSC1', 'EXSZUSx', 'EXUSEU', 'EXUSUKx', 'FEDFUNDS', 'FGRECPTx', 'FPIx', 'GCEC1', 'GDPCTPI', 'GFDEBTNx', 'GFDEGDQ188S', 'GPDIC1', 'GPDICTPI', 'GS1', 'GS10', 'GS10TB3Mx', 'GS1TB3Mx', 'GS5', 'HNOREMQ027Sx', 'HOABS', 'HOAMS', 'HOANBS', 'HOUST', 'HOUST5F', 'HOUSTMW', 'HOUSTNE', 'HOUSTS', 'HOUSTW', 'HWIURATIOx', 'HWIx', 'IMPGSC1', 'INDPRO', 'INVCQRMTSPL', 'INVEST', 'IPB51110SQ', 'IPB51220SQ', 'IPB51222S', 'IPBUSEQ', 'IPCONGD', 'IPDBS', 'IPDCONGD', 'IPDMAT']",[],gdp_saar_third_h1,2.4852271383441984,0.0,12.225842794170603,100,c9f56e02c50c2644,False,0.7.0,2.4852271383441984,0.0
bvar_minnesota_8,/Users/rayhanmomin/code/fev-macro/results/processed_standard_h1_first_second_third_w100_20260216/log_real_gdp_dataset_third.parquet,,1,100,-100,1,1,,4,RMSE,[],[],id,timestamp,target,,[],"['A014RE1Q156NBEA', 'A823RL1Q225SBEA', 'AAA', 'AAAFFM', 'ACOGNOx', 'AHETPIx', 'AMDMNOx', 'AMDMUOx', 'ANDENOx', 'AWHMAN', 'AWHNONAG', 'AWOTMAN', 'B020RE1Q156NBEA', 'B021RE1Q156NBEA', 'BAA', 'BAA10YM', 'BOGMBASEREALx', 'BUSINVx', 'BUSLOANSx', 'CE16OV', 'CES0600000007', 'CES0600000008', 'CES2000000008x', 'CES3000000008x', 'CES9091000001', 'CES9092000001', 'CES9093000001', 'CIVPART', 'CLAIMSx', 'CMRMTSPLx', 'CNCFx', 'COMPAPFF', 'COMPRMS', 'COMPRNFB', 'CONSPIx', 'CONSUMERx', 'CP3M', 'CPF3MTB3Mx', 'CPIAPPSL', 'CPIAUCSL', 'CPILFESL', 'CPIMEDSL', 'CPITRNSL', 'CPIULFSL', 'CUMFNS', 'CUSR0000SA0L2', 'CUSR0000SA0L5', 'CUSR0000SAC', 'CUSR0000SAD', 'CUSR0000SAS', 'CUSR0000SEHC', 'DCLORG3Q086SBEA', 'DDURRG3Q086SBEA', 'DFDHRG3Q086SBEA', 'DFSARG3Q086SBEA', 'DFXARG3Q086SBEA', 'DGDSRG3Q086SBEA', 'DGOERG3Q086SBEA', 'DHCERG3Q086SBEA', 'DHLCRG3Q086SBEA', 'DHUTRG3Q086SBEA', 'DIFSRG3Q086SBEA', 'DMANEMP', 'DMOTRG3Q086SBEA', 'DNDGRG3Q086SBEA', 'DODGRG3Q086SBEA', 'DONGRG3Q086SBEA', 'DOTSRG3Q086SBEA', 'DPIC96', 'DRCARG3Q086SBEA', 'DREQRG3Q086SBEA', 'DRIWCIL', 'DSERRG3Q086SBEA', 'DTCOLNVHFNM', 'DTCTHFNM', 'DTRSRG3Q086SBEA', 'EXCAUSx', 'EXJPUSx', 'EXPGSC1', 'EXSZUSx', 'EXUSEU', 'EXUSUKx', 'FEDFUNDS', 'FGRECPTx', 'FPIx', 'GCEC1', 'GDPCTPI', 'GFDEBTNx', 'GFDEGDQ188S', 'GPDIC1', 'GPDICTPI', 'GS1', 'GS10', 'GS10TB3Mx', 'GS1TB3Mx', 'GS5', 'HNOREMQ027Sx', 'HOABS', 'HOAMS', 'HOANBS', 'HOUST', 'HOUST5F', 'HOUSTMW', 'HOUSTNE', 'HOUSTS', 'HOUSTW', 'HWIURATIOx', 'HWIx', 'IMPGSC1', 'INDPRO', 'INVCQRMTSPL', 'INVEST', 'IPB51110SQ', 'IPB51220SQ', 'IPB51222S', 'IPBUSEQ', 'IPCONGD', 'IPDBS', 'IPDCONGD', 'IPDMAT']",[],gdp_saar_third_h1,2.5198014751821756,0.0,1.167617041268386,100,c9f56e02c50c2644,False,0.7.0,2.5198014751821756,0.0
bvar_minnesota_growth_8,/Users/rayhanmomin/code/fev-macro/results/processed_standard_h1_first_second_third_w100_20260216/log_real_gdp_dataset_third.parquet,,1,100,-100,1,1,,4,RMSE,[],[],id,timestamp,target,,[],"['A014RE1Q156NBEA', 'A823RL1Q225SBEA', 'AAA', 'AAAFFM', 'ACOGNOx', 'AHETPIx', 'AMDMNOx', 'AMDMUOx', 'ANDENOx', 'AWHMAN', 'AWHNONAG', 'AWOTMAN', 'B020RE1Q156NBEA', 'B021RE1Q156NBEA', 'BAA', 'BAA10YM', 'BOGMBASEREALx', 'BUSINVx', 'BUSLOANSx', 'CE16OV', 'CES0600000007', 'CES0600000008', 'CES2000000008x', 'CES3000000008x', 'CES9091000001', 'CES9092000001', 'CES9093000001', 'CIVPART', 'CLAIMSx', 'CMRMTSPLx', 'CNCFx', 'COMPAPFF', 'COMPRMS', 'COMPRNFB', 'CONSPIx', 'CONSUMERx', 'CP3M', 'CPF3MTB3Mx', 'CPIAPPSL', 'CPIAUCSL', 'CPILFESL', 'CPIMEDSL', 'CPITRNSL', 'CPIULFSL', 'CUMFNS', 'CUSR0000SA0L2', 'CUSR0000SA0L5', 'CUSR0000SAC', 'CUSR0000SAD', 'CUSR0000SAS', 'CUSR0000SEHC', 'DCLORG3Q086SBEA', 'DDURRG3Q086SBEA', 'DFDHRG3Q086SBEA', 'DFSARG3Q086SBEA', 'DFXARG3Q086SBEA', 'DGDSRG3Q086SBEA', 'DGOERG3Q086SBEA', 'DHCERG3Q086SBEA', 'DHLCRG3Q086SBEA', 'DHUTRG3Q086SBEA', 'DIFSRG3Q086SBEA', 'DMANEMP', 'DMOTRG3Q086SBEA', 'DNDGRG3Q086SBEA', 'DODGRG3Q086SBEA', 'DONGRG3Q086SBEA', 'DOTSRG3Q086SBEA', 'DPIC96', 'DRCARG3Q086SBEA', 'DREQRG3Q086SBEA', 'DRIWCIL', 'DSERRG3Q086SBEA', 'DTCOLNVHFNM', 'DTCTHFNM', 'DTRSRG3Q086SBEA', 'EXCAUSx', 'EXJPUSx', 'EXPGSC1', 'EXSZUSx', 'EXUSEU', 'EXUSUKx', 'FEDFUNDS', 'FGRECPTx', 'FPIx', 'GCEC1', 'GDPCTPI', 'GFDEBTNx', 'GFDEGDQ188S', 'GPDIC1', 'GPDICTPI', 'GS1', 'GS10', 'GS10TB3Mx', 'GS1TB3Mx', 'GS5', 'HNOREMQ027Sx', 'HOABS', 'HOAMS', 'HOANBS', 'HOUST', 'HOUST5F', 'HOUSTMW', 'HOUSTNE', 'HOUSTS', 'HOUSTW', 'HWIURATIOx', 'HWIx', 'IMPGSC1', 'INDPRO', 'INVCQRMTSPL', 'INVEST', 'IPB51110SQ', 'IPB51220SQ', 'IPB51222S', 'IPBUSEQ', 'IPCONGD', 'IPDBS', 'IPDCONGD', 'IPDMAT']",[],gdp_saar_third_h1,2.5198262790590524,0.0,1.1966939193662256,100,c9f56e02c50c2644,False,0.7.0,2.5198262790590524,0.0
auto_ets,/Users/rayhanmomin/code/fev-macro/results/processed_standard_h1_first_second_third_w100_20260216/log_real_gdp_dataset_third.parquet,,1,100,-100,1,1,,4,RMSE,[],[],id,timestamp,target,,[],"['A014RE1Q156NBEA', 'A823RL1Q225SBEA', 'AAA', 'AAAFFM', 'ACOGNOx', 'AHETPIx', 'AMDMNOx', 'AMDMUOx', 'ANDENOx', 'AWHMAN', 'AWHNONAG', 'AWOTMAN', 'B020RE1Q156NBEA', 'B021RE1Q156NBEA', 'BAA', 'BAA10YM', 'BOGMBASEREALx', 'BUSINVx', 'BUSLOANSx', 'CE16OV', 'CES0600000007', 'CES0600000008', 'CES2000000008x', 'CES3000000008x', 'CES9091000001', 'CES9092000001', 'CES9093000001', 'CIVPART', 'CLAIMSx', 'CMRMTSPLx', 'CNCFx', 'COMPAPFF', 'COMPRMS', 'COMPRNFB', 'CONSPIx', 'CONSUMERx', 'CP3M', 'CPF3MTB3Mx', 'CPIAPPSL', 'CPIAUCSL', 'CPILFESL', 'CPIMEDSL', 'CPITRNSL', 'CPIULFSL', 'CUMFNS', 'CUSR0000SA0L2', 'CUSR0000SA0L5', 'CUSR0000SAC', 'CUSR0000SAD', 'CUSR0000SAS', 'CUSR0000SEHC', 'DCLORG3Q086SBEA', 'DDURRG3Q086SBEA', 'DFDHRG3Q086SBEA', 'DFSARG3Q086SBEA', 'DFXARG3Q086SBEA', 'DGDSRG3Q086SBEA', 'DGOERG3Q086SBEA', 'DHCERG3Q086SBEA', 'DHLCRG3Q086SBEA', 'DHUTRG3Q086SBEA', 'DIFSRG3Q086SBEA', 'DMANEMP', 'DMOTRG3Q086SBEA', 'DNDGRG3Q086SBEA', 'DODGRG3Q086SBEA', 'DONGRG3Q086SBEA', 'DOTSRG3Q086SBEA', 'DPIC96', 'DRCARG3Q086SBEA', 'DREQRG3Q086SBEA', 'DRIWCIL', 'DSERRG3Q086SBEA', 'DTCOLNVHFNM', 'DTCTHFNM', 'DTRSRG3Q086SBEA', 'EXCAUSx', 'EXJPUSx', 'EXPGSC1', 'EXSZUSx', 'EXUSEU', 'EXUSUKx', 'FEDFUNDS', 'FGRECPTx', 'FPIx', 'GCEC1', 'GDPCTPI', 'GFDEBTNx', 'GFDEGDQ188S', 'GPDIC1', 'GPDICTPI', 'GS1', 'GS10', 'GS10TB3Mx', 'GS1TB3Mx', 'GS5', 'HNOREMQ027Sx', 'HOABS', 'HOAMS', 'HOANBS', 'HOUST', 'HOUST5F', 'HOUSTMW', 'HOUSTNE', 'HOUSTS', 'HOUSTW', 'HWIURATIOx', 'HWIx', 'IMPGSC1', 'INDPRO', 'INVCQRMTSPL', 'INVEST', 'IPB51110SQ', 'IPB51220SQ', 'IPB51222S', 'IPBUSEQ', 'IPCONGD', 'IPDBS', 'IPDCONGD', 'IPDMAT']",[],gdp_saar_third_h1,2.6612203985825182,0.0,3.274499334045686,100,c9f56e02c50c2644,False,0.7.0,2.6612203985825182,0.0
mixed_freq_dfm_md,/Users/rayhanmomin/code/fev-macro/results/processed_standard_h1_first_second_third_w100_20260216/log_real_gdp_dataset_third.parquet,,1,100,-100,1,1,,4,RMSE,[],[],id,timestamp,target,,[],"['A014RE1Q156NBEA', 'A823RL1Q225SBEA', 'AAA', 'AAAFFM', 'ACOGNOx', 'AHETPIx', 'AMDMNOx', 'AMDMUOx', 'ANDENOx', 'AWHMAN', 'AWHNONAG', 'AWOTMAN', 'B020RE1Q156NBEA', 'B021RE1Q156NBEA', 'BAA', 'BAA10YM', 'BOGMBASEREALx', 'BUSINVx', 'BUSLOANSx', 'CE16OV', 'CES0600000007', 'CES0600000008', 'CES2000000008x', 'CES3000000008x', 'CES9091000001', 'CES9092000001', 'CES9093000001', 'CIVPART', 'CLAIMSx', 'CMRMTSPLx', 'CNCFx', 'COMPAPFF', 'COMPRMS', 'COMPRNFB', 'CONSPIx', 'CONSUMERx', 'CP3M', 'CPF3MTB3Mx', 'CPIAPPSL', 'CPIAUCSL', 'CPILFESL', 'CPIMEDSL', 'CPITRNSL', 'CPIULFSL', 'CUMFNS', 'CUSR0000SA0L2', 'CUSR0000SA0L5', 'CUSR0000SAC', 'CUSR0000SAD', 'CUSR0000SAS', 'CUSR0000SEHC', 'DCLORG3Q086SBEA', 'DDURRG3Q086SBEA', 'DFDHRG3Q086SBEA', 'DFSARG3Q086SBEA', 'DFXARG3Q086SBEA', 'DGDSRG3Q086SBEA', 'DGOERG3Q086SBEA', 'DHCERG3Q086SBEA', 'DHLCRG3Q086SBEA', 'DHUTRG3Q086SBEA', 'DIFSRG3Q086SBEA', 'DMANEMP', 'DMOTRG3Q086SBEA', 'DNDGRG3Q086SBEA', 'DODGRG3Q086SBEA', 'DONGRG3Q086SBEA', 'DOTSRG3Q086SBEA', 'DPIC96', 'DRCARG3Q086SBEA', 'DREQRG3Q086SBEA', 'DRIWCIL', 'DSERRG3Q086SBEA', 'DTCOLNVHFNM', 'DTCTHFNM', 'DTRSRG3Q086SBEA', 'EXCAUSx', 'EXJPUSx', 'EXPGSC1', 'EXSZUSx', 'EXUSEU', 'EXUSUKx', 'FEDFUNDS', 'FGRECPTx', 'FPIx', 'GCEC1', 'GDPCTPI', 'GFDEBTNx', 'GFDEGDQ188S', 'GPDIC1', 'GPDICTPI', 'GS1', 'GS10', 'GS10TB3Mx', 'GS1TB3Mx', 'GS5', 'HNOREMQ027Sx', 'HOABS', 'HOAMS', 'HOANBS', 'HOUST', 'HOUST5F', 'HOUSTMW', 'HOUSTNE', 'HOUSTS', 'HOUSTW', 'HWIURATIOx', 'HWIx', 'IMPGSC1', 'INDPRO', 'INVCQRMTSPL', 'INVEST', 'IPB51110SQ', 'IPB51220SQ', 'IPB51222S', 'IPBUSEQ', 'IPCONGD', 'IPDBS', 'IPDCONGD', 'IPDMAT']",[],gdp_saar_third_h1,2.641094869226217,0.0,0.8611522889696062,100,c9f56e02c50c2644,False,0.7.0,2.641094869226217,0.0
chronos2,/Users/rayhanmomin/code/fev-macro/results/processed_standard_h1_first_second_third_w100_20260216/log_real_gdp_dataset_third.parquet,,1,100,-100,1,1,,4,RMSE,[],[],id,timestamp,target,,[],"['A014RE1Q156NBEA', 'A823RL1Q225SBEA', 'AAA', 'AAAFFM', 'ACOGNOx', 'AHETPIx', 'AMDMNOx', 'AMDMUOx', 'ANDENOx', 'AWHMAN', 'AWHNONAG', 'AWOTMAN', 'B020RE1Q156NBEA', 'B021RE1Q156NBEA', 'BAA', 'BAA10YM', 'BOGMBASEREALx', 'BUSINVx', 'BUSLOANSx', 'CE16OV', 'CES0600000007', 'CES0600000008', 'CES2000000008x', 'CES3000000008x', 'CES9091000001', 'CES9092000001', 'CES9093000001', 'CIVPART', 'CLAIMSx', 'CMRMTSPLx', 'CNCFx', 'COMPAPFF', 'COMPRMS', 'COMPRNFB', 'CONSPIx', 'CONSUMERx', 'CP3M', 'CPF3MTB3Mx', 'CPIAPPSL', 'CPIAUCSL', 'CPILFESL', 'CPIMEDSL', 'CPITRNSL', 'CPIULFSL', 'CUMFNS', 'CUSR0000SA0L2', 'CUSR0000SA0L5', 'CUSR0000SAC', 'CUSR0000SAD', 'CUSR0000SAS', 'CUSR0000SEHC', 'DCLORG3Q086SBEA', 'DDURRG3Q086SBEA', 'DFDHRG3Q086SBEA', 'DFSARG3Q086SBEA', 'DFXARG3Q086SBEA', 'DGDSRG3Q086SBEA', 'DGOERG3Q086SBEA', 'DHCERG3Q086SBEA', 'DHLCRG3Q086SBEA', 'DHUTRG3Q086SBEA', 'DIFSRG3Q086SBEA', 'DMANEMP', 'DMOTRG3Q086SBEA', 'DNDGRG3Q086SBEA', 'DODGRG3Q086SBEA', 'DONGRG3Q086SBEA', 'DOTSRG3Q086SBEA', 'DPIC96', 'DRCARG3Q086SBEA', 'DREQRG3Q086SBEA', 'DRIWCIL', 'DSERRG3Q086SBEA', 'DTCOLNVHFNM', 'DTCTHFNM', 'DTRSRG3Q086SBEA', 'EXCAUSx', 'EXJPUSx', 'EXPGSC1', 'EXSZUSx', 'EXUSEU', 'EXUSUKx', 'FEDFUNDS', 'FGRECPTx', 'FPIx', 'GCEC1', 'GDPCTPI', 'GFDEBTNx', 'GFDEGDQ188S', 'GPDIC1', 'GPDICTPI', 'GS1', 'GS10', 'GS10TB3Mx', 'GS1TB3Mx', 'GS5', 'HNOREMQ027Sx', 'HOABS', 'HOAMS', 'HOANBS', 'HOUST', 'HOUST5F', 'HOUSTMW', 'HOUSTNE', 'HOUSTS', 'HOUSTW', 'HWIURATIOx', 'HWIx', 'IMPGSC1', 'INDPRO', 'INVCQRMTSPL', 'INVEST', 'IPB51110SQ', 'IPB51220SQ', 'IPB51222S', 'IPBUSEQ', 'IPCONGD', 'IPDBS', 'IPDCONGD', 'IPDMAT']",[],gdp_saar_third_h1,2.6290609551221134,0.0,70.34204604267143,100,c9f56e02c50c2644,False,0.7.0,2.6290609551221134,0.0
xgboost,/Users/rayhanmomin/code/fev-macro/results/processed_standard_h1_first_second_third_w100_20260216/log_real_gdp_dataset_third.parquet,,1,100,-100,1,1,,4,RMSE,[],[],id,timestamp,target,,[],"['A014RE1Q156NBEA', 'A823RL1Q225SBEA', 'AAA', 'AAAFFM', 'ACOGNOx', 'AHETPIx', 'AMDMNOx', 'AMDMUOx', 'ANDENOx', 'AWHMAN', 'AWHNONAG', 'AWOTMAN', 'B020RE1Q156NBEA', 'B021RE1Q156NBEA', 'BAA', 'BAA10YM', 'BOGMBASEREALx', 'BUSINVx', 'BUSLOANSx', 'CE16OV', 'CES0600000007', 'CES0600000008', 'CES2000000008x', 'CES3000000008x', 'CES9091000001', 'CES9092000001', 'CES9093000001', 'CIVPART', 'CLAIMSx', 'CMRMTSPLx', 'CNCFx', 'COMPAPFF', 'COMPRMS', 'COMPRNFB', 'CONSPIx', 'CONSUMERx', 'CP3M', 'CPF3MTB3Mx', 'CPIAPPSL', 'CPIAUCSL', 'CPILFESL', 'CPIMEDSL', 'CPITRNSL', 'CPIULFSL', 'CUMFNS', 'CUSR0000SA0L2', 'CUSR0000SA0L5', 'CUSR0000SAC', 'CUSR0000SAD', 'CUSR0000SAS', 'CUSR0000SEHC', 'DCLORG3Q086SBEA', 'DDURRG3Q086SBEA', 'DFDHRG3Q086SBEA', 'DFSARG3Q086SBEA', 'DFXARG3Q086SBEA', 'DGDSRG3Q086SBEA', 'DGOERG3Q086SBEA', 'DHCERG3Q086SBEA', 'DHLCRG3Q086SBEA', 'DHUTRG3Q086SBEA', 'DIFSRG3Q086SBEA', 'DMANEMP', 'DMOTRG3Q086SBEA', 'DNDGRG3Q086SBEA', 'DODGRG3Q086SBEA', 'DONGRG3Q086SBEA', 'DOTSRG3Q086SBEA', 'DPIC96', 'DRCARG3Q086SBEA', 'DREQRG3Q086SBEA', 'DRIWCIL', 'DSERRG3Q086SBEA', 'DTCOLNVHFNM', 'DTCTHFNM', 'DTRSRG3Q086SBEA', 'EXCAUSx', 'EXJPUSx', 'EXPGSC1', 'EXSZUSx', 'EXUSEU', 'EXUSUKx', 'FEDFUNDS', 'FGRECPTx', 'FPIx', 'GCEC1', 'GDPCTPI', 'GFDEBTNx', 'GFDEGDQ188S', 'GPDIC1', 'GPDICTPI', 'GS1', 'GS10', 'GS10TB3Mx', 'GS1TB3Mx', 'GS5', 'HNOREMQ027Sx', 'HOABS', 'HOAMS', 'HOANBS', 'HOUST', 'HOUST5F', 'HOUSTMW', 'HOUSTNE', 'HOUSTS', 'HOUSTW', 'HWIURATIOx', 'HWIx', 'IMPGSC1', 'INDPRO', 'INVCQRMTSPL', 'INVEST', 'IPB51110SQ', 'IPB51220SQ', 'IPB51222S', 'IPBUSEQ', 'IPCONGD', 'IPDBS', 'IPDCONGD', 'IPDMAT']",[],gdp_saar_third_h1,2.536023837849498,0.0,127.44596491381526,100,c9f56e02c50c2644,False,0.7.0,2.536023837849498,0.0
bvar_minnesota_20,/Users/rayhanmomin/code/fev-macro/results/processed_standard_h1_first_second_third_w100_20260216/log_real_gdp_dataset_third.parquet,,1,100,-100,1,1,,4,RMSE,[],[],id,timestamp,target,,[],"['A014RE1Q156NBEA', 'A823RL1Q225SBEA', 'AAA', 'AAAFFM', 'ACOGNOx', 'AHETPIx', 'AMDMNOx', 'AMDMUOx', 'ANDENOx', 'AWHMAN', 'AWHNONAG', 'AWOTMAN', 'B020RE1Q156NBEA', 'B021RE1Q156NBEA', 'BAA', 'BAA10YM', 'BOGMBASEREALx', 'BUSINVx', 'BUSLOANSx', 'CE16OV', 'CES0600000007', 'CES0600000008', 'CES2000000008x', 'CES3000000008x', 'CES9091000001', 'CES9092000001', 'CES9093000001', 'CIVPART', 'CLAIMSx', 'CMRMTSPLx', 'CNCFx', 'COMPAPFF', 'COMPRMS', 'COMPRNFB', 'CONSPIx', 'CONSUMERx', 'CP3M', 'CPF3MTB3Mx', 'CPIAPPSL', 'CPIAUCSL', 'CPILFESL', 'CPIMEDSL', 'CPITRNSL', 'CPIULFSL', 'CUMFNS', 'CUSR0000SA0L2', 'CUSR0000SA0L5', 'CUSR0000SAC', 'CUSR0000SAD', 'CUSR0000SAS', 'CUSR0000SEHC', 'DCLORG3Q086SBEA', 'DDURRG3Q086SBEA', 'DFDHRG3Q086SBEA', 'DFSARG3Q086SBEA', 'DFXARG3Q086SBEA', 'DGDSRG3Q086SBEA', 'DGOERG3Q086SBEA', 'DHCERG3Q086SBEA', 'DHLCRG3Q086SBEA', 'DHUTRG3Q086SBEA', 'DIFSRG3Q086SBEA', 'DMANEMP', 'DMOTRG3Q086SBEA', 'DNDGRG3Q086SBEA', 'DODGRG3Q086SBEA', 'DONGRG3Q086SBEA', 'DOTSRG3Q086SBEA', 'DPIC96', 'DRCARG3Q086SBEA', 'DREQRG3Q086SBEA', 'DRIWCIL', 'DSERRG3Q086SBEA', 'DTCOLNVHFNM', 'DTCTHFNM', 'DTRSRG3Q086SBEA', 'EXCAUSx', 'EXJPUSx', 'EXPGSC1', 'EXSZUSx', 'EXUSEU', 'EXUSUKx', 'FEDFUNDS', 'FGRECPTx', 'FPIx', 'GCEC1', 'GDPCTPI', 'GFDEBTNx', 'GFDEGDQ188S', 'GPDIC1', 'GPDICTPI', 'GS1', 'GS10', 'GS10TB3Mx', 'GS1TB3Mx', 'GS5', 'HNOREMQ027Sx', 'HOABS', 'HOAMS', 'HOANBS', 'HOUST', 'HOUST5F', 'HOUSTMW', 'HOUSTNE', 'HOUSTS', 'HOUSTW', 'HWIURATIOx', 'HWIx', 'IMPGSC1', 'INDPRO', 'INVCQRMTSPL', 'INVEST', 'IPB51110SQ', 'IPB51220SQ', 'IPB51222S', 'IPBUSEQ', 'IPCONGD', 'IPDBS', 'IPDCONGD', 'IPDMAT']",[],gdp_saar_third_h1,2.662168780639768,0.0,1.329917381866835,100,c9f56e02c50c2644,False,0.7.0,2.662168780639768,0.0
bvar_minnesota_growth_20,/Users/rayhanmomin/code/fev-macro/results/processed_standard_h1_first_second_third_w100_20260216/log_real_gdp_dataset_third.parquet,,1,100,-100,1,1,,4,RMSE,[],[],id,timestamp,target,,[],"['A014RE1Q156NBEA', 'A823RL1Q225SBEA', 'AAA', 'AAAFFM', 'ACOGNOx', 'AHETPIx', 'AMDMNOx', 'AMDMUOx', 'ANDENOx', 'AWHMAN', 'AWHNONAG', 'AWOTMAN', 'B020RE1Q156NBEA', 'B021RE1Q156NBEA', 'BAA', 'BAA10YM', 'BOGMBASEREALx', 'BUSINVx', 'BUSLOANSx', 'CE16OV', 'CES0600000007', 'CES0600000008', 'CES2000000008x', 'CES3000000008x', 'CES9091000001', 'CES9092000001', 'CES9093000001', 'CIVPART', 'CLAIMSx', 'CMRMTSPLx', 'CNCFx', 'COMPAPFF', 'COMPRMS', 'COMPRNFB', 'CONSPIx', 'CONSUMERx', 'CP3M', 'CPF3MTB3Mx', 'CPIAPPSL', 'CPIAUCSL', 'CPILFESL', 'CPIMEDSL', 'CPITRNSL', 'CPIULFSL', 'CUMFNS', 'CUSR0000SA0L2', 'CUSR0000SA0L5', 'CUSR0000SAC', 'CUSR0000SAD', 'CUSR0000SAS', 'CUSR0000SEHC', 'DCLORG3Q086SBEA', 'DDURRG3Q086SBEA', 'DFDHRG3Q086SBEA', 'DFSARG3Q086SBEA', 'DFXARG3Q086SBEA', 'DGDSRG3Q086SBEA', 'DGOERG3Q086SBEA', 'DHCERG3Q086SBEA', 'DHLCRG3Q086SBEA', 'DHUTRG3Q086SBEA', 'DIFSRG3Q086SBEA', 'DMANEMP', 'DMOTRG3Q086SBEA', 'DNDGRG3Q086SBEA', 'DODGRG3Q086SBEA', 'DONGRG3Q086SBEA', 'DOTSRG3Q086SBEA', 'DPIC96', 'DRCARG3Q086SBEA', 'DREQRG3Q086SBEA', 'DRIWCIL', 'DSERRG3Q086SBEA', 'DTCOLNVHFNM', 'DTCTHFNM', 'DTRSRG3Q086SBEA', 'EXCAUSx', 'EXJPUSx', 'EXPGSC1', 'EXSZUSx', 'EXUSEU', 'EXUSUKx', 'FEDFUNDS', 'FGRECPTx', 'FPIx', 'GCEC1', 'GDPCTPI', 'GFDEBTNx', 'GFDEGDQ188S', 'GPDIC1', 'GPDICTPI', 'GS1', 'GS10', 'GS10TB3Mx', 'GS1TB3Mx', 'GS5', 'HNOREMQ027Sx', 'HOABS', 'HOAMS', 'HOANBS', 'HOUST', 'HOUST5F', 'HOUSTMW', 'HOUSTNE', 'HOUSTS', 'HOUSTW', 'HWIURATIOx', 'HWIx', 'IMPGSC1', 'INDPRO', 'INVCQRMTSPL', 'INVEST', 'IPB51110SQ', 'IPB51220SQ', 'IPB51222S', 'IPBUSEQ', 'IPCONGD', 'IPDBS', 'IPDCONGD', 'IPDMAT']",[],gdp_saar_third_h1,2.6623251754790545,0.0,1.3298625368624926,100,c9f56e02c50c2644,False,0.7.0,2.6623251754790545,0.0
local_trend_ssm,/Users/rayhanmomin/code/fev-macro/results/processed_standard_h1_first_second_third_w100_20260216/log_real_gdp_dataset_third.parquet,,1,100,-100,1,1,,4,RMSE,[],[],id,timestamp,target,,[],"['A014RE1Q156NBEA', 'A823RL1Q225SBEA', 'AAA', 'AAAFFM', 'ACOGNOx', 'AHETPIx', 'AMDMNOx', 'AMDMUOx', 'ANDENOx', 'AWHMAN', 'AWHNONAG', 'AWOTMAN', 'B020RE1Q156NBEA', 'B021RE1Q156NBEA', 'BAA', 'BAA10YM', 'BOGMBASEREALx', 'BUSINVx', 'BUSLOANSx', 'CE16OV', 'CES0600000007', 'CES0600000008', 'CES2000000008x', 'CES3000000008x', 'CES9091000001', 'CES9092000001', 'CES9093000001', 'CIVPART', 'CLAIMSx', 'CMRMTSPLx', 'CNCFx', 'COMPAPFF', 'COMPRMS', 'COMPRNFB', 'CONSPIx', 'CONSUMERx', 'CP3M', 'CPF3MTB3Mx', 'CPIAPPSL', 'CPIAUCSL', 'CPILFESL', 'CPIMEDSL', 'CPITRNSL', 'CPIULFSL', 'CUMFNS', 'CUSR0000SA0L2', 'CUSR0000SA0L5', 'CUSR0000SAC', 'CUSR0000SAD', 'CUSR0000SAS', 'CUSR0000SEHC', 'DCLORG3Q086SBEA', 'DDURRG3Q086SBEA', 'DFDHRG3Q086SBEA', 'DFSARG3Q086SBEA', 'DFXARG3Q086SBEA', 'DGDSRG3Q086SBEA', 'DGOERG3Q086SBEA', 'DHCERG3Q086SBEA', 'DHLCRG3Q086SBEA', 'DHUTRG3Q086SBEA', 'DIFSRG3Q086SBEA', 'DMANEMP', 'DMOTRG3Q086SBEA', 'DNDGRG3Q086SBEA', 'DODGRG3Q086SBEA', 'DONGRG3Q086SBEA', 'DOTSRG3Q086SBEA', 'DPIC96', 'DRCARG3Q086SBEA', 'DREQRG3Q086SBEA', 'DRIWCIL', 'DSERRG3Q086SBEA', 'DTCOLNVHFNM', 'DTCTHFNM', 'DTRSRG3Q086SBEA', 'EXCAUSx', 'EXJPUSx', 'EXPGSC1', 'EXSZUSx', 'EXUSEU', 'EXUSUKx', 'FEDFUNDS', 'FGRECPTx', 'FPIx', 'GCEC1', 'GDPCTPI', 'GFDEBTNx', 'GFDEGDQ188S', 'GPDIC1', 'GPDICTPI', 'GS1', 'GS10', 'GS10TB3Mx', 'GS1TB3Mx', 'GS5', 'HNOREMQ027Sx', 'HOABS', 'HOAMS', 'HOANBS', 'HOUST', 'HOUST5F', 'HOUSTMW', 'HOUSTNE', 'HOUSTS', 'HOUSTW', 'HWIURATIOx', 'HWIx', 'IMPGSC1', 'INDPRO', 'INVCQRMTSPL', 'INVEST', 'IPB51110SQ', 'IPB51220SQ', 'IPB51222S', 'IPBUSEQ', 'IPCONGD', 'IPDBS', 'IPDCONGD', 'IPDMAT']",[],gdp_saar_third_h1,2.439216467514634,0.0,12.628329960862175,100,c9f56e02c50c2644,False,0.7.0,2.439216467514634,0.0
factor_pca_qd,/Users/rayhanmomin/code/fev-macro/results/processed_standard_h1_first_second_third_w100_20260216/log_real_gdp_dataset_third.parquet,,1,100,-100,1,1,,4,RMSE,[],[],id,timestamp,target,,[],"['A014RE1Q156NBEA', 'A823RL1Q225SBEA', 'AAA', 'AAAFFM', 'ACOGNOx', 'AHETPIx', 'AMDMNOx', 'AMDMUOx', 'ANDENOx', 'AWHMAN', 'AWHNONAG', 'AWOTMAN', 'B020RE1Q156NBEA', 'B021RE1Q156NBEA', 'BAA', 'BAA10YM', 'BOGMBASEREALx', 'BUSINVx', 'BUSLOANSx', 'CE16OV', 'CES0600000007', 'CES0600000008', 'CES2000000008x', 'CES3000000008x', 'CES9091000001', 'CES9092000001', 'CES9093000001', 'CIVPART', 'CLAIMSx', 'CMRMTSPLx', 'CNCFx', 'COMPAPFF', 'COMPRMS', 'COMPRNFB', 'CONSPIx', 'CONSUMERx', 'CP3M', 'CPF3MTB3Mx', 'CPIAPPSL', 'CPIAUCSL', 'CPILFESL', 'CPIMEDSL', 'CPITRNSL', 'CPIULFSL', 'CUMFNS', 'CUSR0000SA0L2', 'CUSR0000SA0L5', 'CUSR0000SAC', 'CUSR0000SAD', 'CUSR0000SAS', 'CUSR0000SEHC', 'DCLORG3Q086SBEA', 'DDURRG3Q086SBEA', 'DFDHRG3Q086SBEA', 'DFSARG3Q086SBEA', 'DFXARG3Q086SBEA', 'DGDSRG3Q086SBEA', 'DGOERG3Q086SBEA', 'DHCERG3Q086SBEA', 'DHLCRG3Q086SBEA', 'DHUTRG3Q086SBEA', 'DIFSRG3Q086SBEA', 'DMANEMP', 'DMOTRG3Q086SBEA', 'DNDGRG3Q086SBEA', 'DODGRG3Q086SBEA', 'DONGRG3Q086SBEA', 'DOTSRG3Q086SBEA', 'DPIC96', 'DRCARG3Q086SBEA', 'DREQRG3Q086SBEA', 'DRIWCIL', 'DSERRG3Q086SBEA', 'DTCOLNVHFNM', 'DTCTHFNM', 'DTRSRG3Q086SBEA', 'EXCAUSx', 'EXJPUSx', 'EXPGSC1', 'EXSZUSx', 'EXUSEU', 'EXUSUKx', 'FEDFUNDS', 'FGRECPTx', 'FPIx', 'GCEC1', 'GDPCTPI', 'GFDEBTNx', 'GFDEGDQ188S', 'GPDIC1', 'GPDICTPI', 'GS1', 'GS10', 'GS10TB3Mx', 'GS1TB3Mx', 'GS5', 'HNOREMQ027Sx', 'HOABS', 'HOAMS', 'HOANBS', 'HOUST', 'HOUST5F', 'HOUSTMW', 'HOUSTNE', 'HOUSTS', 'HOUSTW', 'HWIURATIOx', 'HWIx', 'IMPGSC1', 'INDPRO', 'INVCQRMTSPL', 'INVEST', 'IPB51110SQ', 'IPB51220SQ', 'IPB51222S', 'IPBUSEQ', 'IPCONGD', 'IPDBS', 'IPDCONGD', 'IPDMAT']",[],gdp_saar_third_h1,2.924980494752526,0.0,2.070281414082274,100,c9f56e02c50c2644,False,0.7.0,2.924980494752526,0.0
naive_last,/Users/rayhanmomin/code/fev-macro/results/processed_standard_h1_first_second_third_w100_20260216/log_real_gdp_dataset_third.parquet,,1,100,-100,1,1,,4,RMSE,[],[],id,timestamp,target,,[],"['A014RE1Q156NBEA', 'A823RL1Q225SBEA', 'AAA', 'AAAFFM', 'ACOGNOx', 'AHETPIx', 'AMDMNOx', 'AMDMUOx', 'ANDENOx', 'AWHMAN', 'AWHNONAG', 'AWOTMAN', 'B020RE1Q156NBEA', 'B021RE1Q156NBEA', 'BAA', 'BAA10YM', 'BOGMBASEREALx', 'BUSINVx', 'BUSLOANSx', 'CE16OV', 'CES0600000007', 'CES0600000008', 'CES2000000008x', 'CES3000000008x', 'CES9091000001', 'CES9092000001', 'CES9093000001', 'CIVPART', 'CLAIMSx', 'CMRMTSPLx', 'CNCFx', 'COMPAPFF', 'COMPRMS', 'COMPRNFB', 'CONSPIx', 'CONSUMERx', 'CP3M', 'CPF3MTB3Mx', 'CPIAPPSL', 'CPIAUCSL', 'CPILFESL', 'CPIMEDSL', 'CPITRNSL', 'CPIULFSL', 'CUMFNS', 'CUSR0000SA0L2', 'CUSR0000SA0L5', 'CUSR0000SAC', 'CUSR0000SAD', 'CUSR0000SAS', 'CUSR0000SEHC', 'DCLORG3Q086SBEA', 'DDURRG3Q086SBEA', 'DFDHRG3Q086SBEA', 'DFSARG3Q086SBEA', 'DFXARG3Q086SBEA', 'DGDSRG3Q086SBEA', 'DGOERG3Q086SBEA', 'DHCERG3Q086SBEA', 'DHLCRG3Q086SBEA', 'DHUTRG3Q086SBEA', 'DIFSRG3Q086SBEA', 'DMANEMP', 'DMOTRG3Q086SBEA', 'DNDGRG3Q086SBEA', 'DODGRG3Q086SBEA', 'DONGRG3Q086SBEA', 'DOTSRG3Q086SBEA', 'DPIC96', 'DRCARG3Q086SBEA', 'DREQRG3Q086SBEA', 'DRIWCIL', 'DSERRG3Q086SBEA', 'DTCOLNVHFNM', 'DTCTHFNM', 'DTRSRG3Q086SBEA', 'EXCAUSx', 'EXJPUSx', 'EXPGSC1', 'EXSZUSx', 'EXUSEU', 'EXUSUKx', 'FEDFUNDS', 'FGRECPTx', 'FPIx', 'GCEC1', 'GDPCTPI', 'GFDEBTNx', 'GFDEGDQ188S', 'GPDIC1', 'GPDICTPI', 'GS1', 'GS10', 'GS10TB3Mx', 'GS1TB3Mx', 'GS5', 'HNOREMQ027Sx', 'HOABS', 'HOAMS', 'HOANBS', 'HOUST', 'HOUST5F', 'HOUSTMW', 'HOUSTNE', 'HOUSTS', 'HOUSTW', 'HWIURATIOx', 'HWIx', 'IMPGSC1', 'INDPRO', 'INVCQRMTSPL', 'INVEST', 'IPB51110SQ', 'IPB51220SQ', 'IPB51222S', 'IPBUSEQ', 'IPCONGD', 'IPDBS', 'IPDCONGD', 'IPDMAT']",[],gdp_saar_third_h1,3.2715759648382665,0.0,0.4951608363771811,100,c9f56e02c50c2644,False,0.7.0,3.2715759648382665,0.0
drift,/Users/rayhanmomin/code/fev-macro/results/processed_standard_h1_first_second_third_w100_20260216/log_real_gdp_dataset_third.parquet,,1,100,-100,1,1,,4,RMSE,[],[],id,timestamp,target,,[],"['A014RE1Q156NBEA', 'A823RL1Q225SBEA', 'AAA', 'AAAFFM', 'ACOGNOx', 'AHETPIx', 'AMDMNOx', 'AMDMUOx', 'ANDENOx', 'AWHMAN', 'AWHNONAG', 'AWOTMAN', 'B020RE1Q156NBEA', 'B021RE1Q156NBEA', 'BAA', 'BAA10YM', 'BOGMBASEREALx', 'BUSINVx', 'BUSLOANSx', 'CE16OV', 'CES0600000007', 'CES0600000008', 'CES2000000008x', 'CES3000000008x', 'CES9091000001', 'CES9092000001', 'CES9093000001', 'CIVPART', 'CLAIMSx', 'CMRMTSPLx', 'CNCFx', 'COMPAPFF', 'COMPRMS', 'COMPRNFB', 'CONSPIx', 'CONSUMERx', 'CP3M', 'CPF3MTB3Mx', 'CPIAPPSL', 'CPIAUCSL', 'CPILFESL', 'CPIMEDSL', 'CPITRNSL', 'CPIULFSL', 'CUMFNS', 'CUSR0000SA0L2', 'CUSR0000SA0L5', 'CUSR0000SAC', 'CUSR0000SAD', 'CUSR0000SAS', 'CUSR0000SEHC', 'DCLORG3Q086SBEA', 'DDURRG3Q086SBEA', 'DFDHRG3Q086SBEA', 'DFSARG3Q086SBEA', 'DFXARG3Q086SBEA', 'DGDSRG3Q086SBEA', 'DGOERG3Q086SBEA', 'DHCERG3Q086SBEA', 'DHLCRG3Q086SBEA', 'DHUTRG3Q086SBEA', 'DIFSRG3Q086SBEA', 'DMANEMP', 'DMOTRG3Q086SBEA', 'DNDGRG3Q086SBEA', 'DODGRG3Q086SBEA', 'DONGRG3Q086SBEA', 'DOTSRG3Q086SBEA', 'DPIC96', 'DRCARG3Q086SBEA', 'DREQRG3Q086SBEA', 'DRIWCIL', 'DSERRG3Q086SBEA', 'DTCOLNVHFNM', 'DTCTHFNM', 'DTRSRG3Q086SBEA', 'EXCAUSx', 'EXJPUSx', 'EXPGSC1', 'EXSZUSx', 'EXUSEU', 'EXUSUKx', 'FEDFUNDS', 'FGRECPTx', 'FPIx', 'GCEC1', 'GDPCTPI', 'GFDEBTNx', 'GFDEGDQ188S', 'GPDIC1', 'GPDICTPI', 'GS1', 'GS10', 'GS10TB3Mx', 'GS1TB3Mx', 'GS5', 'HNOREMQ027Sx', 'HOABS', 'HOAMS', 'HOANBS', 'HOUST', 'HOUST5F', 'HOUSTMW', 'HOUSTNE', 'HOUSTS', 'HOUSTW', 'HWIURATIOx', 'HWIx', 'IMPGSC1', 'INDPRO', 'INVCQRMTSPL', 'INVEST', 'IPB51110SQ', 'IPB51220SQ', 'IPB51222S', 'IPBUSEQ', 'IPCONGD', 'IPDBS', 'IPDCONGD', 'IPDMAT']",[],gdp_saar_third_h1,3.2775396825000644,0.0,0.4916610006475821,100,c9f56e02c50c2644,False,0.7.0,3.2775396825000644,0.0
seasonal_naive,/Users/rayhanmomin/code/fev-macro/results/processed_standard_h1_first_second_third_w100_20260216/log_real_gdp_dataset_third.parquet,,1,100,-100,1,1,,4,RMSE,[],[],id,timestamp,target,,[],"['A014RE1Q156NBEA', 'A823RL1Q225SBEA', 'AAA', 'AAAFFM', 'ACOGNOx', 'AHETPIx', 'AMDMNOx', 'AMDMUOx', 'ANDENOx', 'AWHMAN', 'AWHNONAG', 'AWOTMAN', 'B020RE1Q156NBEA', 'B021RE1Q156NBEA', 'BAA', 'BAA10YM', 'BOGMBASEREALx', 'BUSINVx', 'BUSLOANSx', 'CE16OV', 'CES0600000007', 'CES0600000008', 'CES2000000008x', 'CES3000000008x', 'CES9091000001', 'CES9092000001', 'CES9093000001', 'CIVPART', 'CLAIMSx', 'CMRMTSPLx', 'CNCFx', 'COMPAPFF', 'COMPRMS', 'COMPRNFB', 'CONSPIx', 'CONSUMERx', 'CP3M', 'CPF3MTB3Mx', 'CPIAPPSL', 'CPIAUCSL', 'CPILFESL', 'CPIMEDSL', 'CPITRNSL', 'CPIULFSL', 'CUMFNS', 'CUSR0000SA0L2', 'CUSR0000SA0L5', 'CUSR0000SAC', 'CUSR0000SAD', 'CUSR0000SAS', 'CUSR0000SEHC', 'DCLORG3Q086SBEA', 'DDURRG3Q086SBEA', 'DFDHRG3Q086SBEA', 'DFSARG3Q086SBEA', 'DFXARG3Q086SBEA', 'DGDSRG3Q086SBEA', 'DGOERG3Q086SBEA', 'DHCERG3Q086SBEA', 'DHLCRG3Q086SBEA', 'DHUTRG3Q086SBEA', 'DIFSRG3Q086SBEA', 'DMANEMP', 'DMOTRG3Q086SBEA', 'DNDGRG3Q086SBEA', 'DODGRG3Q086SBEA', 'DONGRG3Q086SBEA', 'DOTSRG3Q086SBEA', 'DPIC96', 'DRCARG3Q086SBEA', 'DREQRG3Q086SBEA', 'DRIWCIL', 'DSERRG3Q086SBEA', 'DTCOLNVHFNM', 'DTCTHFNM', 'DTRSRG3Q086SBEA', 'EXCAUSx', 'EXJPUSx', 'EXPGSC1', 'EXSZUSx', 'EXUSEU', 'EXUSUKx', 'FEDFUNDS', 'FGRECPTx', 'FPIx', 'GCEC1', 'GDPCTPI', 'GFDEBTNx', 'GFDEGDQ188S', 'GPDIC1', 'GPDICTPI', 'GS1', 'GS10', 'GS10TB3Mx', 'GS1TB3Mx', 'GS5', 'HNOREMQ027Sx', 'HOABS', 'HOAMS', 'HOANBS', 'HOUST', 'HOUST5F', 'HOUSTMW', 'HOUSTNE', 'HOUSTS', 'HOUSTW', 'HWIURATIOx', 'HWIx', 'IMPGSC1', 'INDPRO', 'INVCQRMTSPL', 'INVEST', 'IPB51110SQ', 'IPB51220SQ', 'IPB51222S', 'IPBUSEQ', 'IPCONGD', 'IPDBS', 'IPDCONGD', 'IPDMAT']",[],gdp_saar_third_h1,3.7993667732179164,0.0,0.49488575593568385,100,c9f56e02c50c2644,False,0.7.0,3.7993667732179164,0.0
