model_name,dataset_path,dataset_config,horizon,num_windows,initial_cutoff,window_step_size,min_context_length,max_context_length,seasonality,eval_metric,extra_metrics,quantile_levels,id_column,timestamp_column,target,generate_univariate_targets_from,known_dynamic_columns,past_dynamic_columns,static_columns,task_name,test_error,training_time_s,inference_time_s,num_forecasts,dataset_fingerprint,trained_on_this_dataset,fev_version,RMSE,prep_time_s,release_stage,release_metric,target_transform,target_units,truth_item_id,covariate_mode
naive_last,/Users/rayhanmomin/code/fev-macro/results/processed_standard/gdpc1_qoq_saar_first_pct_dataset.parquet,,1,10,-10,1,1,,4,RMSE,[],[],id,timestamp,target,,[],"['A014RE1Q156NBEA', 'A823RL1Q225SBEA', 'AAA', 'AAAFFM', 'ACOGNOx', 'AHETPIx', 'AMDMNOx', 'AMDMUOx', 'ANDENOx', 'AWHMAN', 'AWHNONAG', 'AWOTMAN', 'B020RE1Q156NBEA', 'B021RE1Q156NBEA', 'BAA', 'BAA10YM', 'BOGMBASEREALx', 'BUSINVx', 'BUSLOANSx', 'CE16OV', 'CES0600000007', 'CES0600000008', 'CES2000000008x', 'CES3000000008x', 'CES9091000001', 'CES9092000001', 'CES9093000001', 'CIVPART', 'CLAIMSx', 'CMRMTSPLx', 'CNCFx', 'COMPAPFF', 'COMPRMS', 'COMPRNFB', 'CONSPIx', 'CONSUMERx', 'CP3M', 'CPF3MTB3Mx', 'CPIAPPSL', 'CPIAUCSL', 'CPILFESL', 'CPIMEDSL', 'CPITRNSL', 'CPIULFSL', 'CUMFNS', 'CUSR0000SA0L2', 'CUSR0000SA0L5', 'CUSR0000SAC', 'CUSR0000SAD', 'CUSR0000SAS', 'CUSR0000SEHC', 'DCLORG3Q086SBEA', 'DDURRG3Q086SBEA', 'DFDHRG3Q086SBEA', 'DFSARG3Q086SBEA', 'DFXARG3Q086SBEA', 'DGDSRG3Q086SBEA', 'DGOERG3Q086SBEA', 'DHCERG3Q086SBEA', 'DHLCRG3Q086SBEA', 'DHUTRG3Q086SBEA', 'DIFSRG3Q086SBEA', 'DMANEMP', 'DMOTRG3Q086SBEA', 'DNDGRG3Q086SBEA', 'DODGRG3Q086SBEA', 'DONGRG3Q086SBEA', 'DOTSRG3Q086SBEA', 'DPIC96', 'DRCARG3Q086SBEA', 'DREQRG3Q086SBEA', 'DRIWCIL', 'DSERRG3Q086SBEA', 'DTCOLNVHFNM', 'DTCTHFNM', 'DTRSRG3Q086SBEA', 'EXCAUSx', 'EXJPUSx', 'EXPGSC1', 'EXSZUSx', 'EXUSEU', 'EXUSUKx', 'FEDFUNDS', 'FGRECPTx', 'FPIx', 'GCEC1', 'GDPCTPI', 'GFDEBTNx', 'GFDEGDQ188S', 'GPDIC1', 'GPDICTPI', 'GS1', 'GS10', 'GS10TB3Mx', 'GS1TB3Mx', 'GS5', 'HNOREMQ027Sx', 'HOABS', 'HOAMS', 'HOANBS', 'HOUST', 'HOUST5F', 'HOUSTMW', 'HOUSTNE', 'HOUSTS', 'HOUSTW', 'HWIURATIOx', 'HWIx', 'IMPGSC1', 'INDPRO', 'INVCQRMTSPL', 'INVEST', 'IPB51110SQ', 'IPB51220SQ', 'IPB51222S', 'IPBUSEQ', 'IPCONGD', 'IPDBS', 'IPDCONGD', 'IPDMAT']",[],gdp_saar_first_h1,1.7297646701335907,0.0,0.05271520838141441,10,d4000b505a5f6988,False,0.7.0,1.7297646701335907,0.0,first,realtime_qoq_saar,saar_growth,pct_qoq_saar,gdpc1_qoq_saar_first_pct,processed
mean,/Users/rayhanmomin/code/fev-macro/results/processed_standard/gdpc1_qoq_saar_first_pct_dataset.parquet,,1,10,-10,1,1,,4,RMSE,[],[],id,timestamp,target,,[],"['A014RE1Q156NBEA', 'A823RL1Q225SBEA', 'AAA', 'AAAFFM', 'ACOGNOx', 'AHETPIx', 'AMDMNOx', 'AMDMUOx', 'ANDENOx', 'AWHMAN', 'AWHNONAG', 'AWOTMAN', 'B020RE1Q156NBEA', 'B021RE1Q156NBEA', 'BAA', 'BAA10YM', 'BOGMBASEREALx', 'BUSINVx', 'BUSLOANSx', 'CE16OV', 'CES0600000007', 'CES0600000008', 'CES2000000008x', 'CES3000000008x', 'CES9091000001', 'CES9092000001', 'CES9093000001', 'CIVPART', 'CLAIMSx', 'CMRMTSPLx', 'CNCFx', 'COMPAPFF', 'COMPRMS', 'COMPRNFB', 'CONSPIx', 'CONSUMERx', 'CP3M', 'CPF3MTB3Mx', 'CPIAPPSL', 'CPIAUCSL', 'CPILFESL', 'CPIMEDSL', 'CPITRNSL', 'CPIULFSL', 'CUMFNS', 'CUSR0000SA0L2', 'CUSR0000SA0L5', 'CUSR0000SAC', 'CUSR0000SAD', 'CUSR0000SAS', 'CUSR0000SEHC', 'DCLORG3Q086SBEA', 'DDURRG3Q086SBEA', 'DFDHRG3Q086SBEA', 'DFSARG3Q086SBEA', 'DFXARG3Q086SBEA', 'DGDSRG3Q086SBEA', 'DGOERG3Q086SBEA', 'DHCERG3Q086SBEA', 'DHLCRG3Q086SBEA', 'DHUTRG3Q086SBEA', 'DIFSRG3Q086SBEA', 'DMANEMP', 'DMOTRG3Q086SBEA', 'DNDGRG3Q086SBEA', 'DODGRG3Q086SBEA', 'DONGRG3Q086SBEA', 'DOTSRG3Q086SBEA', 'DPIC96', 'DRCARG3Q086SBEA', 'DREQRG3Q086SBEA', 'DRIWCIL', 'DSERRG3Q086SBEA', 'DTCOLNVHFNM', 'DTCTHFNM', 'DTRSRG3Q086SBEA', 'EXCAUSx', 'EXJPUSx', 'EXPGSC1', 'EXSZUSx', 'EXUSEU', 'EXUSUKx', 'FEDFUNDS', 'FGRECPTx', 'FPIx', 'GCEC1', 'GDPCTPI', 'GFDEBTNx', 'GFDEGDQ188S', 'GPDIC1', 'GPDICTPI', 'GS1', 'GS10', 'GS10TB3Mx', 'GS1TB3Mx', 'GS5', 'HNOREMQ027Sx', 'HOABS', 'HOAMS', 'HOANBS', 'HOUST', 'HOUST5F', 'HOUSTMW', 'HOUSTNE', 'HOUSTS', 'HOUSTW', 'HWIURATIOx', 'HWIx', 'IMPGSC1', 'INDPRO', 'INVCQRMTSPL', 'INVEST', 'IPB51110SQ', 'IPB51220SQ', 'IPB51222S', 'IPBUSEQ', 'IPCONGD', 'IPDBS', 'IPDCONGD', 'IPDMAT']",[],gdp_saar_first_h1,1.0919782549142838,0.0,0.05331520899198949,10,d4000b505a5f6988,False,0.7.0,1.0919782549142838,0.0,first,realtime_qoq_saar,saar_growth,pct_qoq_saar,gdpc1_qoq_saar_first_pct,processed
ar4,/Users/rayhanmomin/code/fev-macro/results/processed_standard/gdpc1_qoq_saar_first_pct_dataset.parquet,,1,10,-10,1,1,,4,RMSE,[],[],id,timestamp,target,,[],"['A014RE1Q156NBEA', 'A823RL1Q225SBEA', 'AAA', 'AAAFFM', 'ACOGNOx', 'AHETPIx', 'AMDMNOx', 'AMDMUOx', 'ANDENOx', 'AWHMAN', 'AWHNONAG', 'AWOTMAN', 'B020RE1Q156NBEA', 'B021RE1Q156NBEA', 'BAA', 'BAA10YM', 'BOGMBASEREALx', 'BUSINVx', 'BUSLOANSx', 'CE16OV', 'CES0600000007', 'CES0600000008', 'CES2000000008x', 'CES3000000008x', 'CES9091000001', 'CES9092000001', 'CES9093000001', 'CIVPART', 'CLAIMSx', 'CMRMTSPLx', 'CNCFx', 'COMPAPFF', 'COMPRMS', 'COMPRNFB', 'CONSPIx', 'CONSUMERx', 'CP3M', 'CPF3MTB3Mx', 'CPIAPPSL', 'CPIAUCSL', 'CPILFESL', 'CPIMEDSL', 'CPITRNSL', 'CPIULFSL', 'CUMFNS', 'CUSR0000SA0L2', 'CUSR0000SA0L5', 'CUSR0000SAC', 'CUSR0000SAD', 'CUSR0000SAS', 'CUSR0000SEHC', 'DCLORG3Q086SBEA', 'DDURRG3Q086SBEA', 'DFDHRG3Q086SBEA', 'DFSARG3Q086SBEA', 'DFXARG3Q086SBEA', 'DGDSRG3Q086SBEA', 'DGOERG3Q086SBEA', 'DHCERG3Q086SBEA', 'DHLCRG3Q086SBEA', 'DHUTRG3Q086SBEA', 'DIFSRG3Q086SBEA', 'DMANEMP', 'DMOTRG3Q086SBEA', 'DNDGRG3Q086SBEA', 'DODGRG3Q086SBEA', 'DONGRG3Q086SBEA', 'DOTSRG3Q086SBEA', 'DPIC96', 'DRCARG3Q086SBEA', 'DREQRG3Q086SBEA', 'DRIWCIL', 'DSERRG3Q086SBEA', 'DTCOLNVHFNM', 'DTCTHFNM', 'DTRSRG3Q086SBEA', 'EXCAUSx', 'EXJPUSx', 'EXPGSC1', 'EXSZUSx', 'EXUSEU', 'EXUSUKx', 'FEDFUNDS', 'FGRECPTx', 'FPIx', 'GCEC1', 'GDPCTPI', 'GFDEBTNx', 'GFDEGDQ188S', 'GPDIC1', 'GPDICTPI', 'GS1', 'GS10', 'GS10TB3Mx', 'GS1TB3Mx', 'GS5', 'HNOREMQ027Sx', 'HOABS', 'HOAMS', 'HOANBS', 'HOUST', 'HOUST5F', 'HOUSTMW', 'HOUSTNE', 'HOUSTS', 'HOUSTW', 'HWIURATIOx', 'HWIx', 'IMPGSC1', 'INDPRO', 'INVCQRMTSPL', 'INVEST', 'IPB51110SQ', 'IPB51220SQ', 'IPB51222S', 'IPBUSEQ', 'IPCONGD', 'IPDBS', 'IPDCONGD', 'IPDMAT']",[],gdp_saar_first_h1,1.16816386282444,0.0,0.11911000008694828,10,d4000b505a5f6988,False,0.7.0,1.16816386282444,0.0,first,realtime_qoq_saar,saar_growth,pct_qoq_saar,gdpc1_qoq_saar_first_pct,processed
auto_arima,/Users/rayhanmomin/code/fev-macro/results/processed_standard/gdpc1_qoq_saar_first_pct_dataset.parquet,,1,10,-10,1,1,,4,RMSE,[],[],id,timestamp,target,,[],"['A014RE1Q156NBEA', 'A823RL1Q225SBEA', 'AAA', 'AAAFFM', 'ACOGNOx', 'AHETPIx', 'AMDMNOx', 'AMDMUOx', 'ANDENOx', 'AWHMAN', 'AWHNONAG', 'AWOTMAN', 'B020RE1Q156NBEA', 'B021RE1Q156NBEA', 'BAA', 'BAA10YM', 'BOGMBASEREALx', 'BUSINVx', 'BUSLOANSx', 'CE16OV', 'CES0600000007', 'CES0600000008', 'CES2000000008x', 'CES3000000008x', 'CES9091000001', 'CES9092000001', 'CES9093000001', 'CIVPART', 'CLAIMSx', 'CMRMTSPLx', 'CNCFx', 'COMPAPFF', 'COMPRMS', 'COMPRNFB', 'CONSPIx', 'CONSUMERx', 'CP3M', 'CPF3MTB3Mx', 'CPIAPPSL', 'CPIAUCSL', 'CPILFESL', 'CPIMEDSL', 'CPITRNSL', 'CPIULFSL', 'CUMFNS', 'CUSR0000SA0L2', 'CUSR0000SA0L5', 'CUSR0000SAC', 'CUSR0000SAD', 'CUSR0000SAS', 'CUSR0000SEHC', 'DCLORG3Q086SBEA', 'DDURRG3Q086SBEA', 'DFDHRG3Q086SBEA', 'DFSARG3Q086SBEA', 'DFXARG3Q086SBEA', 'DGDSRG3Q086SBEA', 'DGOERG3Q086SBEA', 'DHCERG3Q086SBEA', 'DHLCRG3Q086SBEA', 'DHUTRG3Q086SBEA', 'DIFSRG3Q086SBEA', 'DMANEMP', 'DMOTRG3Q086SBEA', 'DNDGRG3Q086SBEA', 'DODGRG3Q086SBEA', 'DONGRG3Q086SBEA', 'DOTSRG3Q086SBEA', 'DPIC96', 'DRCARG3Q086SBEA', 'DREQRG3Q086SBEA', 'DRIWCIL', 'DSERRG3Q086SBEA', 'DTCOLNVHFNM', 'DTCTHFNM', 'DTRSRG3Q086SBEA', 'EXCAUSx', 'EXJPUSx', 'EXPGSC1', 'EXSZUSx', 'EXUSEU', 'EXUSUKx', 'FEDFUNDS', 'FGRECPTx', 'FPIx', 'GCEC1', 'GDPCTPI', 'GFDEBTNx', 'GFDEGDQ188S', 'GPDIC1', 'GPDICTPI', 'GS1', 'GS10', 'GS10TB3Mx', 'GS1TB3Mx', 'GS5', 'HNOREMQ027Sx', 'HOABS', 'HOAMS', 'HOANBS', 'HOUST', 'HOUST5F', 'HOUSTMW', 'HOUSTNE', 'HOUSTS', 'HOUSTW', 'HWIURATIOx', 'HWIx', 'IMPGSC1', 'INDPRO', 'INVCQRMTSPL', 'INVEST', 'IPB51110SQ', 'IPB51220SQ', 'IPB51222S', 'IPBUSEQ', 'IPCONGD', 'IPDBS', 'IPDCONGD', 'IPDMAT']",[],gdp_saar_first_h1,1.4442679435014725,0.0,5.315387750859372,10,d4000b505a5f6988,False,0.7.0,1.4442679435014725,0.0,first,realtime_qoq_saar,saar_growth,pct_qoq_saar,gdpc1_qoq_saar_first_pct,processed
theta,/Users/rayhanmomin/code/fev-macro/results/processed_standard/gdpc1_qoq_saar_first_pct_dataset.parquet,,1,10,-10,1,1,,4,RMSE,[],[],id,timestamp,target,,[],"['A014RE1Q156NBEA', 'A823RL1Q225SBEA', 'AAA', 'AAAFFM', 'ACOGNOx', 'AHETPIx', 'AMDMNOx', 'AMDMUOx', 'ANDENOx', 'AWHMAN', 'AWHNONAG', 'AWOTMAN', 'B020RE1Q156NBEA', 'B021RE1Q156NBEA', 'BAA', 'BAA10YM', 'BOGMBASEREALx', 'BUSINVx', 'BUSLOANSx', 'CE16OV', 'CES0600000007', 'CES0600000008', 'CES2000000008x', 'CES3000000008x', 'CES9091000001', 'CES9092000001', 'CES9093000001', 'CIVPART', 'CLAIMSx', 'CMRMTSPLx', 'CNCFx', 'COMPAPFF', 'COMPRMS', 'COMPRNFB', 'CONSPIx', 'CONSUMERx', 'CP3M', 'CPF3MTB3Mx', 'CPIAPPSL', 'CPIAUCSL', 'CPILFESL', 'CPIMEDSL', 'CPITRNSL', 'CPIULFSL', 'CUMFNS', 'CUSR0000SA0L2', 'CUSR0000SA0L5', 'CUSR0000SAC', 'CUSR0000SAD', 'CUSR0000SAS', 'CUSR0000SEHC', 'DCLORG3Q086SBEA', 'DDURRG3Q086SBEA', 'DFDHRG3Q086SBEA', 'DFSARG3Q086SBEA', 'DFXARG3Q086SBEA', 'DGDSRG3Q086SBEA', 'DGOERG3Q086SBEA', 'DHCERG3Q086SBEA', 'DHLCRG3Q086SBEA', 'DHUTRG3Q086SBEA', 'DIFSRG3Q086SBEA', 'DMANEMP', 'DMOTRG3Q086SBEA', 'DNDGRG3Q086SBEA', 'DODGRG3Q086SBEA', 'DONGRG3Q086SBEA', 'DOTSRG3Q086SBEA', 'DPIC96', 'DRCARG3Q086SBEA', 'DREQRG3Q086SBEA', 'DRIWCIL', 'DSERRG3Q086SBEA', 'DTCOLNVHFNM', 'DTCTHFNM', 'DTRSRG3Q086SBEA', 'EXCAUSx', 'EXJPUSx', 'EXPGSC1', 'EXSZUSx', 'EXUSEU', 'EXUSUKx', 'FEDFUNDS', 'FGRECPTx', 'FPIx', 'GCEC1', 'GDPCTPI', 'GFDEBTNx', 'GFDEGDQ188S', 'GPDIC1', 'GPDICTPI', 'GS1', 'GS10', 'GS10TB3Mx', 'GS1TB3Mx', 'GS5', 'HNOREMQ027Sx', 'HOABS', 'HOAMS', 'HOANBS', 'HOUST', 'HOUST5F', 'HOUSTMW', 'HOUSTNE', 'HOUSTS', 'HOUSTW', 'HWIURATIOx', 'HWIx', 'IMPGSC1', 'INDPRO', 'INVCQRMTSPL', 'INVEST', 'IPB51110SQ', 'IPB51220SQ', 'IPB51222S', 'IPBUSEQ', 'IPCONGD', 'IPDBS', 'IPDCONGD', 'IPDMAT']",[],gdp_saar_first_h1,1.1961036592721939,0.0,0.11629629123490304,10,d4000b505a5f6988,False,0.7.0,1.1961036592721939,0.0,first,realtime_qoq_saar,saar_growth,pct_qoq_saar,gdpc1_qoq_saar_first_pct,processed
auto_ets,/Users/rayhanmomin/code/fev-macro/results/processed_standard/gdpc1_qoq_saar_first_pct_dataset.parquet,,1,10,-10,1,1,,4,RMSE,[],[],id,timestamp,target,,[],"['A014RE1Q156NBEA', 'A823RL1Q225SBEA', 'AAA', 'AAAFFM', 'ACOGNOx', 'AHETPIx', 'AMDMNOx', 'AMDMUOx', 'ANDENOx', 'AWHMAN', 'AWHNONAG', 'AWOTMAN', 'B020RE1Q156NBEA', 'B021RE1Q156NBEA', 'BAA', 'BAA10YM', 'BOGMBASEREALx', 'BUSINVx', 'BUSLOANSx', 'CE16OV', 'CES0600000007', 'CES0600000008', 'CES2000000008x', 'CES3000000008x', 'CES9091000001', 'CES9092000001', 'CES9093000001', 'CIVPART', 'CLAIMSx', 'CMRMTSPLx', 'CNCFx', 'COMPAPFF', 'COMPRMS', 'COMPRNFB', 'CONSPIx', 'CONSUMERx', 'CP3M', 'CPF3MTB3Mx', 'CPIAPPSL', 'CPIAUCSL', 'CPILFESL', 'CPIMEDSL', 'CPITRNSL', 'CPIULFSL', 'CUMFNS', 'CUSR0000SA0L2', 'CUSR0000SA0L5', 'CUSR0000SAC', 'CUSR0000SAD', 'CUSR0000SAS', 'CUSR0000SEHC', 'DCLORG3Q086SBEA', 'DDURRG3Q086SBEA', 'DFDHRG3Q086SBEA', 'DFSARG3Q086SBEA', 'DFXARG3Q086SBEA', 'DGDSRG3Q086SBEA', 'DGOERG3Q086SBEA', 'DHCERG3Q086SBEA', 'DHLCRG3Q086SBEA', 'DHUTRG3Q086SBEA', 'DIFSRG3Q086SBEA', 'DMANEMP', 'DMOTRG3Q086SBEA', 'DNDGRG3Q086SBEA', 'DODGRG3Q086SBEA', 'DONGRG3Q086SBEA', 'DOTSRG3Q086SBEA', 'DPIC96', 'DRCARG3Q086SBEA', 'DREQRG3Q086SBEA', 'DRIWCIL', 'DSERRG3Q086SBEA', 'DTCOLNVHFNM', 'DTCTHFNM', 'DTRSRG3Q086SBEA', 'EXCAUSx', 'EXJPUSx', 'EXPGSC1', 'EXSZUSx', 'EXUSEU', 'EXUSUKx', 'FEDFUNDS', 'FGRECPTx', 'FPIx', 'GCEC1', 'GDPCTPI', 'GFDEBTNx', 'GFDEGDQ188S', 'GPDIC1', 'GPDICTPI', 'GS1', 'GS10', 'GS10TB3Mx', 'GS1TB3Mx', 'GS5', 'HNOREMQ027Sx', 'HOABS', 'HOAMS', 'HOANBS', 'HOUST', 'HOUST5F', 'HOUSTMW', 'HOUSTNE', 'HOUSTS', 'HOUSTW', 'HWIURATIOx', 'HWIx', 'IMPGSC1', 'INDPRO', 'INVCQRMTSPL', 'INVEST', 'IPB51110SQ', 'IPB51220SQ', 'IPB51222S', 'IPBUSEQ', 'IPCONGD', 'IPDBS', 'IPDCONGD', 'IPDMAT']",[],gdp_saar_first_h1,1.471469023823738,0.0,0.37004233233164996,10,d4000b505a5f6988,False,0.7.0,1.471469023823738,0.0,first,realtime_qoq_saar,saar_growth,pct_qoq_saar,gdpc1_qoq_saar_first_pct,processed
random_forest,/Users/rayhanmomin/code/fev-macro/results/processed_standard/gdpc1_qoq_saar_first_pct_dataset.parquet,,1,10,-10,1,1,,4,RMSE,[],[],id,timestamp,target,,[],"['A014RE1Q156NBEA', 'A823RL1Q225SBEA', 'AAA', 'AAAFFM', 'ACOGNOx', 'AHETPIx', 'AMDMNOx', 'AMDMUOx', 'ANDENOx', 'AWHMAN', 'AWHNONAG', 'AWOTMAN', 'B020RE1Q156NBEA', 'B021RE1Q156NBEA', 'BAA', 'BAA10YM', 'BOGMBASEREALx', 'BUSINVx', 'BUSLOANSx', 'CE16OV', 'CES0600000007', 'CES0600000008', 'CES2000000008x', 'CES3000000008x', 'CES9091000001', 'CES9092000001', 'CES9093000001', 'CIVPART', 'CLAIMSx', 'CMRMTSPLx', 'CNCFx', 'COMPAPFF', 'COMPRMS', 'COMPRNFB', 'CONSPIx', 'CONSUMERx', 'CP3M', 'CPF3MTB3Mx', 'CPIAPPSL', 'CPIAUCSL', 'CPILFESL', 'CPIMEDSL', 'CPITRNSL', 'CPIULFSL', 'CUMFNS', 'CUSR0000SA0L2', 'CUSR0000SA0L5', 'CUSR0000SAC', 'CUSR0000SAD', 'CUSR0000SAS', 'CUSR0000SEHC', 'DCLORG3Q086SBEA', 'DDURRG3Q086SBEA', 'DFDHRG3Q086SBEA', 'DFSARG3Q086SBEA', 'DFXARG3Q086SBEA', 'DGDSRG3Q086SBEA', 'DGOERG3Q086SBEA', 'DHCERG3Q086SBEA', 'DHLCRG3Q086SBEA', 'DHUTRG3Q086SBEA', 'DIFSRG3Q086SBEA', 'DMANEMP', 'DMOTRG3Q086SBEA', 'DNDGRG3Q086SBEA', 'DODGRG3Q086SBEA', 'DONGRG3Q086SBEA', 'DOTSRG3Q086SBEA', 'DPIC96', 'DRCARG3Q086SBEA', 'DREQRG3Q086SBEA', 'DRIWCIL', 'DSERRG3Q086SBEA', 'DTCOLNVHFNM', 'DTCTHFNM', 'DTRSRG3Q086SBEA', 'EXCAUSx', 'EXJPUSx', 'EXPGSC1', 'EXSZUSx', 'EXUSEU', 'EXUSUKx', 'FEDFUNDS', 'FGRECPTx', 'FPIx', 'GCEC1', 'GDPCTPI', 'GFDEBTNx', 'GFDEGDQ188S', 'GPDIC1', 'GPDICTPI', 'GS1', 'GS10', 'GS10TB3Mx', 'GS1TB3Mx', 'GS5', 'HNOREMQ027Sx', 'HOABS', 'HOAMS', 'HOANBS', 'HOUST', 'HOUST5F', 'HOUSTMW', 'HOUSTNE', 'HOUSTS', 'HOUSTW', 'HWIURATIOx', 'HWIx', 'IMPGSC1', 'INDPRO', 'INVCQRMTSPL', 'INVEST', 'IPB51110SQ', 'IPB51220SQ', 'IPB51222S', 'IPBUSEQ', 'IPCONGD', 'IPDBS', 'IPDCONGD', 'IPDMAT']",[],gdp_saar_first_h1,1.7314692214131355,0.0,1.2843773338245228,10,d4000b505a5f6988,False,0.7.0,1.7314692214131355,0.0,first,realtime_qoq_saar,saar_growth,pct_qoq_saar,gdpc1_qoq_saar_first_pct,processed
xgboost,/Users/rayhanmomin/code/fev-macro/results/processed_standard/gdpc1_qoq_saar_first_pct_dataset.parquet,,1,10,-10,1,1,,4,RMSE,[],[],id,timestamp,target,,[],"['A014RE1Q156NBEA', 'A823RL1Q225SBEA', 'AAA', 'AAAFFM', 'ACOGNOx', 'AHETPIx', 'AMDMNOx', 'AMDMUOx', 'ANDENOx', 'AWHMAN', 'AWHNONAG', 'AWOTMAN', 'B020RE1Q156NBEA', 'B021RE1Q156NBEA', 'BAA', 'BAA10YM', 'BOGMBASEREALx', 'BUSINVx', 'BUSLOANSx', 'CE16OV', 'CES0600000007', 'CES0600000008', 'CES2000000008x', 'CES3000000008x', 'CES9091000001', 'CES9092000001', 'CES9093000001', 'CIVPART', 'CLAIMSx', 'CMRMTSPLx', 'CNCFx', 'COMPAPFF', 'COMPRMS', 'COMPRNFB', 'CONSPIx', 'CONSUMERx', 'CP3M', 'CPF3MTB3Mx', 'CPIAPPSL', 'CPIAUCSL', 'CPILFESL', 'CPIMEDSL', 'CPITRNSL', 'CPIULFSL', 'CUMFNS', 'CUSR0000SA0L2', 'CUSR0000SA0L5', 'CUSR0000SAC', 'CUSR0000SAD', 'CUSR0000SAS', 'CUSR0000SEHC', 'DCLORG3Q086SBEA', 'DDURRG3Q086SBEA', 'DFDHRG3Q086SBEA', 'DFSARG3Q086SBEA', 'DFXARG3Q086SBEA', 'DGDSRG3Q086SBEA', 'DGOERG3Q086SBEA', 'DHCERG3Q086SBEA', 'DHLCRG3Q086SBEA', 'DHUTRG3Q086SBEA', 'DIFSRG3Q086SBEA', 'DMANEMP', 'DMOTRG3Q086SBEA', 'DNDGRG3Q086SBEA', 'DODGRG3Q086SBEA', 'DONGRG3Q086SBEA', 'DOTSRG3Q086SBEA', 'DPIC96', 'DRCARG3Q086SBEA', 'DREQRG3Q086SBEA', 'DRIWCIL', 'DSERRG3Q086SBEA', 'DTCOLNVHFNM', 'DTCTHFNM', 'DTRSRG3Q086SBEA', 'EXCAUSx', 'EXJPUSx', 'EXPGSC1', 'EXSZUSx', 'EXUSEU', 'EXUSUKx', 'FEDFUNDS', 'FGRECPTx', 'FPIx', 'GCEC1', 'GDPCTPI', 'GFDEBTNx', 'GFDEGDQ188S', 'GPDIC1', 'GPDICTPI', 'GS1', 'GS10', 'GS10TB3Mx', 'GS1TB3Mx', 'GS5', 'HNOREMQ027Sx', 'HOABS', 'HOAMS', 'HOANBS', 'HOUST', 'HOUST5F', 'HOUSTMW', 'HOUSTNE', 'HOUSTS', 'HOUSTW', 'HWIURATIOx', 'HWIx', 'IMPGSC1', 'INDPRO', 'INVCQRMTSPL', 'INVEST', 'IPB51110SQ', 'IPB51220SQ', 'IPB51222S', 'IPBUSEQ', 'IPCONGD', 'IPDBS', 'IPDCONGD', 'IPDMAT']",[],gdp_saar_first_h1,1.0150061935186385,0.0,15.394777207868174,10,d4000b505a5f6988,False,0.7.0,1.0150061935186385,0.0,first,realtime_qoq_saar,saar_growth,pct_qoq_saar,gdpc1_qoq_saar_first_pct,processed
factor_pca_qd,/Users/rayhanmomin/code/fev-macro/results/processed_standard/gdpc1_qoq_saar_first_pct_dataset.parquet,,1,10,-10,1,1,,4,RMSE,[],[],id,timestamp,target,,[],"['A014RE1Q156NBEA', 'A823RL1Q225SBEA', 'AAA', 'AAAFFM', 'ACOGNOx', 'AHETPIx', 'AMDMNOx', 'AMDMUOx', 'ANDENOx', 'AWHMAN', 'AWHNONAG', 'AWOTMAN', 'B020RE1Q156NBEA', 'B021RE1Q156NBEA', 'BAA', 'BAA10YM', 'BOGMBASEREALx', 'BUSINVx', 'BUSLOANSx', 'CE16OV', 'CES0600000007', 'CES0600000008', 'CES2000000008x', 'CES3000000008x', 'CES9091000001', 'CES9092000001', 'CES9093000001', 'CIVPART', 'CLAIMSx', 'CMRMTSPLx', 'CNCFx', 'COMPAPFF', 'COMPRMS', 'COMPRNFB', 'CONSPIx', 'CONSUMERx', 'CP3M', 'CPF3MTB3Mx', 'CPIAPPSL', 'CPIAUCSL', 'CPILFESL', 'CPIMEDSL', 'CPITRNSL', 'CPIULFSL', 'CUMFNS', 'CUSR0000SA0L2', 'CUSR0000SA0L5', 'CUSR0000SAC', 'CUSR0000SAD', 'CUSR0000SAS', 'CUSR0000SEHC', 'DCLORG3Q086SBEA', 'DDURRG3Q086SBEA', 'DFDHRG3Q086SBEA', 'DFSARG3Q086SBEA', 'DFXARG3Q086SBEA', 'DGDSRG3Q086SBEA', 'DGOERG3Q086SBEA', 'DHCERG3Q086SBEA', 'DHLCRG3Q086SBEA', 'DHUTRG3Q086SBEA', 'DIFSRG3Q086SBEA', 'DMANEMP', 'DMOTRG3Q086SBEA', 'DNDGRG3Q086SBEA', 'DODGRG3Q086SBEA', 'DONGRG3Q086SBEA', 'DOTSRG3Q086SBEA', 'DPIC96', 'DRCARG3Q086SBEA', 'DREQRG3Q086SBEA', 'DRIWCIL', 'DSERRG3Q086SBEA', 'DTCOLNVHFNM', 'DTCTHFNM', 'DTRSRG3Q086SBEA', 'EXCAUSx', 'EXJPUSx', 'EXPGSC1', 'EXSZUSx', 'EXUSEU', 'EXUSUKx', 'FEDFUNDS', 'FGRECPTx', 'FPIx', 'GCEC1', 'GDPCTPI', 'GFDEBTNx', 'GFDEGDQ188S', 'GPDIC1', 'GPDICTPI', 'GS1', 'GS10', 'GS10TB3Mx', 'GS1TB3Mx', 'GS5', 'HNOREMQ027Sx', 'HOABS', 'HOAMS', 'HOANBS', 'HOUST', 'HOUST5F', 'HOUSTMW', 'HOUSTNE', 'HOUSTS', 'HOUSTW', 'HWIURATIOx', 'HWIx', 'IMPGSC1', 'INDPRO', 'INVCQRMTSPL', 'INVEST', 'IPB51110SQ', 'IPB51220SQ', 'IPB51222S', 'IPBUSEQ', 'IPCONGD', 'IPDBS', 'IPDCONGD', 'IPDMAT']",[],gdp_saar_first_h1,1.5000923186540605,0.0,0.2081952899461612,10,d4000b505a5f6988,False,0.7.0,1.5000923186540605,0.0,first,realtime_qoq_saar,saar_growth,pct_qoq_saar,gdpc1_qoq_saar_first_pct,processed
mixed_freq_dfm_md,/Users/rayhanmomin/code/fev-macro/results/processed_standard/gdpc1_qoq_saar_first_pct_dataset.parquet,,1,10,-10,1,1,,4,RMSE,[],[],id,timestamp,target,,[],"['A014RE1Q156NBEA', 'A823RL1Q225SBEA', 'AAA', 'AAAFFM', 'ACOGNOx', 'AHETPIx', 'AMDMNOx', 'AMDMUOx', 'ANDENOx', 'AWHMAN', 'AWHNONAG', 'AWOTMAN', 'B020RE1Q156NBEA', 'B021RE1Q156NBEA', 'BAA', 'BAA10YM', 'BOGMBASEREALx', 'BUSINVx', 'BUSLOANSx', 'CE16OV', 'CES0600000007', 'CES0600000008', 'CES2000000008x', 'CES3000000008x', 'CES9091000001', 'CES9092000001', 'CES9093000001', 'CIVPART', 'CLAIMSx', 'CMRMTSPLx', 'CNCFx', 'COMPAPFF', 'COMPRMS', 'COMPRNFB', 'CONSPIx', 'CONSUMERx', 'CP3M', 'CPF3MTB3Mx', 'CPIAPPSL', 'CPIAUCSL', 'CPILFESL', 'CPIMEDSL', 'CPITRNSL', 'CPIULFSL', 'CUMFNS', 'CUSR0000SA0L2', 'CUSR0000SA0L5', 'CUSR0000SAC', 'CUSR0000SAD', 'CUSR0000SAS', 'CUSR0000SEHC', 'DCLORG3Q086SBEA', 'DDURRG3Q086SBEA', 'DFDHRG3Q086SBEA', 'DFSARG3Q086SBEA', 'DFXARG3Q086SBEA', 'DGDSRG3Q086SBEA', 'DGOERG3Q086SBEA', 'DHCERG3Q086SBEA', 'DHLCRG3Q086SBEA', 'DHUTRG3Q086SBEA', 'DIFSRG3Q086SBEA', 'DMANEMP', 'DMOTRG3Q086SBEA', 'DNDGRG3Q086SBEA', 'DODGRG3Q086SBEA', 'DONGRG3Q086SBEA', 'DOTSRG3Q086SBEA', 'DPIC96', 'DRCARG3Q086SBEA', 'DREQRG3Q086SBEA', 'DRIWCIL', 'DSERRG3Q086SBEA', 'DTCOLNVHFNM', 'DTCTHFNM', 'DTRSRG3Q086SBEA', 'EXCAUSx', 'EXJPUSx', 'EXPGSC1', 'EXSZUSx', 'EXUSEU', 'EXUSUKx', 'FEDFUNDS', 'FGRECPTx', 'FPIx', 'GCEC1', 'GDPCTPI', 'GFDEBTNx', 'GFDEGDQ188S', 'GPDIC1', 'GPDICTPI', 'GS1', 'GS10', 'GS10TB3Mx', 'GS1TB3Mx', 'GS5', 'HNOREMQ027Sx', 'HOABS', 'HOAMS', 'HOANBS', 'HOUST', 'HOUST5F', 'HOUSTMW', 'HOUSTNE', 'HOUSTS', 'HOUSTW', 'HWIURATIOx', 'HWIx', 'IMPGSC1', 'INDPRO', 'INVCQRMTSPL', 'INVEST', 'IPB51110SQ', 'IPB51220SQ', 'IPB51222S', 'IPBUSEQ', 'IPCONGD', 'IPDBS', 'IPDCONGD', 'IPDMAT']",[],gdp_saar_first_h1,2.2007609367370606,0.0,0.08292970899492502,10,d4000b505a5f6988,False,0.7.0,2.2007609367370606,0.0,first,realtime_qoq_saar,saar_growth,pct_qoq_saar,gdpc1_qoq_saar_first_pct,processed
bvar_minnesota_growth_8,/Users/rayhanmomin/code/fev-macro/results/processed_standard/gdpc1_qoq_saar_first_pct_dataset.parquet,,1,10,-10,1,1,,4,RMSE,[],[],id,timestamp,target,,[],"['A014RE1Q156NBEA', 'A823RL1Q225SBEA', 'AAA', 'AAAFFM', 'ACOGNOx', 'AHETPIx', 'AMDMNOx', 'AMDMUOx', 'ANDENOx', 'AWHMAN', 'AWHNONAG', 'AWOTMAN', 'B020RE1Q156NBEA', 'B021RE1Q156NBEA', 'BAA', 'BAA10YM', 'BOGMBASEREALx', 'BUSINVx', 'BUSLOANSx', 'CE16OV', 'CES0600000007', 'CES0600000008', 'CES2000000008x', 'CES3000000008x', 'CES9091000001', 'CES9092000001', 'CES9093000001', 'CIVPART', 'CLAIMSx', 'CMRMTSPLx', 'CNCFx', 'COMPAPFF', 'COMPRMS', 'COMPRNFB', 'CONSPIx', 'CONSUMERx', 'CP3M', 'CPF3MTB3Mx', 'CPIAPPSL', 'CPIAUCSL', 'CPILFESL', 'CPIMEDSL', 'CPITRNSL', 'CPIULFSL', 'CUMFNS', 'CUSR0000SA0L2', 'CUSR0000SA0L5', 'CUSR0000SAC', 'CUSR0000SAD', 'CUSR0000SAS', 'CUSR0000SEHC', 'DCLORG3Q086SBEA', 'DDURRG3Q086SBEA', 'DFDHRG3Q086SBEA', 'DFSARG3Q086SBEA', 'DFXARG3Q086SBEA', 'DGDSRG3Q086SBEA', 'DGOERG3Q086SBEA', 'DHCERG3Q086SBEA', 'DHLCRG3Q086SBEA', 'DHUTRG3Q086SBEA', 'DIFSRG3Q086SBEA', 'DMANEMP', 'DMOTRG3Q086SBEA', 'DNDGRG3Q086SBEA', 'DODGRG3Q086SBEA', 'DONGRG3Q086SBEA', 'DOTSRG3Q086SBEA', 'DPIC96', 'DRCARG3Q086SBEA', 'DREQRG3Q086SBEA', 'DRIWCIL', 'DSERRG3Q086SBEA', 'DTCOLNVHFNM', 'DTCTHFNM', 'DTRSRG3Q086SBEA', 'EXCAUSx', 'EXJPUSx', 'EXPGSC1', 'EXSZUSx', 'EXUSEU', 'EXUSUKx', 'FEDFUNDS', 'FGRECPTx', 'FPIx', 'GCEC1', 'GDPCTPI', 'GFDEBTNx', 'GFDEGDQ188S', 'GPDIC1', 'GPDICTPI', 'GS1', 'GS10', 'GS10TB3Mx', 'GS1TB3Mx', 'GS5', 'HNOREMQ027Sx', 'HOABS', 'HOAMS', 'HOANBS', 'HOUST', 'HOUST5F', 'HOUSTMW', 'HOUSTNE', 'HOUSTS', 'HOUSTW', 'HWIURATIOx', 'HWIx', 'IMPGSC1', 'INDPRO', 'INVCQRMTSPL', 'INVEST', 'IPB51110SQ', 'IPB51220SQ', 'IPB51222S', 'IPBUSEQ', 'IPCONGD', 'IPDBS', 'IPDCONGD', 'IPDMAT']",[],gdp_saar_first_h1,1.1646175533533096,0.0,0.11208058591000736,10,d4000b505a5f6988,False,0.7.0,1.1646175533533096,0.0,first,realtime_qoq_saar,saar_growth,pct_qoq_saar,gdpc1_qoq_saar_first_pct,processed
bvar_minnesota_growth_20,/Users/rayhanmomin/code/fev-macro/results/processed_standard/gdpc1_qoq_saar_first_pct_dataset.parquet,,1,10,-10,1,1,,4,RMSE,[],[],id,timestamp,target,,[],"['A014RE1Q156NBEA', 'A823RL1Q225SBEA', 'AAA', 'AAAFFM', 'ACOGNOx', 'AHETPIx', 'AMDMNOx', 'AMDMUOx', 'ANDENOx', 'AWHMAN', 'AWHNONAG', 'AWOTMAN', 'B020RE1Q156NBEA', 'B021RE1Q156NBEA', 'BAA', 'BAA10YM', 'BOGMBASEREALx', 'BUSINVx', 'BUSLOANSx', 'CE16OV', 'CES0600000007', 'CES0600000008', 'CES2000000008x', 'CES3000000008x', 'CES9091000001', 'CES9092000001', 'CES9093000001', 'CIVPART', 'CLAIMSx', 'CMRMTSPLx', 'CNCFx', 'COMPAPFF', 'COMPRMS', 'COMPRNFB', 'CONSPIx', 'CONSUMERx', 'CP3M', 'CPF3MTB3Mx', 'CPIAPPSL', 'CPIAUCSL', 'CPILFESL', 'CPIMEDSL', 'CPITRNSL', 'CPIULFSL', 'CUMFNS', 'CUSR0000SA0L2', 'CUSR0000SA0L5', 'CUSR0000SAC', 'CUSR0000SAD', 'CUSR0000SAS', 'CUSR0000SEHC', 'DCLORG3Q086SBEA', 'DDURRG3Q086SBEA', 'DFDHRG3Q086SBEA', 'DFSARG3Q086SBEA', 'DFXARG3Q086SBEA', 'DGDSRG3Q086SBEA', 'DGOERG3Q086SBEA', 'DHCERG3Q086SBEA', 'DHLCRG3Q086SBEA', 'DHUTRG3Q086SBEA', 'DIFSRG3Q086SBEA', 'DMANEMP', 'DMOTRG3Q086SBEA', 'DNDGRG3Q086SBEA', 'DODGRG3Q086SBEA', 'DONGRG3Q086SBEA', 'DOTSRG3Q086SBEA', 'DPIC96', 'DRCARG3Q086SBEA', 'DREQRG3Q086SBEA', 'DRIWCIL', 'DSERRG3Q086SBEA', 'DTCOLNVHFNM', 'DTCTHFNM', 'DTRSRG3Q086SBEA', 'EXCAUSx', 'EXJPUSx', 'EXPGSC1', 'EXSZUSx', 'EXUSEU', 'EXUSUKx', 'FEDFUNDS', 'FGRECPTx', 'FPIx', 'GCEC1', 'GDPCTPI', 'GFDEBTNx', 'GFDEGDQ188S', 'GPDIC1', 'GPDICTPI', 'GS1', 'GS10', 'GS10TB3Mx', 'GS1TB3Mx', 'GS5', 'HNOREMQ027Sx', 'HOABS', 'HOAMS', 'HOANBS', 'HOUST', 'HOUST5F', 'HOUSTMW', 'HOUSTNE', 'HOUSTS', 'HOUSTW', 'HWIURATIOx', 'HWIx', 'IMPGSC1', 'INDPRO', 'INVCQRMTSPL', 'INVEST', 'IPB51110SQ', 'IPB51220SQ', 'IPB51222S', 'IPBUSEQ', 'IPCONGD', 'IPDBS', 'IPDCONGD', 'IPDMAT']",[],gdp_saar_first_h1,1.310115745663643,0.0,0.13077670673374087,10,d4000b505a5f6988,False,0.7.0,1.310115745663643,0.0,first,realtime_qoq_saar,saar_growth,pct_qoq_saar,gdpc1_qoq_saar_first_pct,processed
nyfed_nowcast_mqdfm,/Users/rayhanmomin/code/fev-macro/results/processed_standard/gdpc1_qoq_saar_first_pct_dataset.parquet,,1,10,-10,1,1,,4,RMSE,[],[],id,timestamp,target,,[],"['A014RE1Q156NBEA', 'A823RL1Q225SBEA', 'AAA', 'AAAFFM', 'ACOGNOx', 'AHETPIx', 'AMDMNOx', 'AMDMUOx', 'ANDENOx', 'AWHMAN', 'AWHNONAG', 'AWOTMAN', 'B020RE1Q156NBEA', 'B021RE1Q156NBEA', 'BAA', 'BAA10YM', 'BOGMBASEREALx', 'BUSINVx', 'BUSLOANSx', 'CE16OV', 'CES0600000007', 'CES0600000008', 'CES2000000008x', 'CES3000000008x', 'CES9091000001', 'CES9092000001', 'CES9093000001', 'CIVPART', 'CLAIMSx', 'CMRMTSPLx', 'CNCFx', 'COMPAPFF', 'COMPRMS', 'COMPRNFB', 'CONSPIx', 'CONSUMERx', 'CP3M', 'CPF3MTB3Mx', 'CPIAPPSL', 'CPIAUCSL', 'CPILFESL', 'CPIMEDSL', 'CPITRNSL', 'CPIULFSL', 'CUMFNS', 'CUSR0000SA0L2', 'CUSR0000SA0L5', 'CUSR0000SAC', 'CUSR0000SAD', 'CUSR0000SAS', 'CUSR0000SEHC', 'DCLORG3Q086SBEA', 'DDURRG3Q086SBEA', 'DFDHRG3Q086SBEA', 'DFSARG3Q086SBEA', 'DFXARG3Q086SBEA', 'DGDSRG3Q086SBEA', 'DGOERG3Q086SBEA', 'DHCERG3Q086SBEA', 'DHLCRG3Q086SBEA', 'DHUTRG3Q086SBEA', 'DIFSRG3Q086SBEA', 'DMANEMP', 'DMOTRG3Q086SBEA', 'DNDGRG3Q086SBEA', 'DODGRG3Q086SBEA', 'DONGRG3Q086SBEA', 'DOTSRG3Q086SBEA', 'DPIC96', 'DRCARG3Q086SBEA', 'DREQRG3Q086SBEA', 'DRIWCIL', 'DSERRG3Q086SBEA', 'DTCOLNVHFNM', 'DTCTHFNM', 'DTRSRG3Q086SBEA', 'EXCAUSx', 'EXJPUSx', 'EXPGSC1', 'EXSZUSx', 'EXUSEU', 'EXUSUKx', 'FEDFUNDS', 'FGRECPTx', 'FPIx', 'GCEC1', 'GDPCTPI', 'GFDEBTNx', 'GFDEGDQ188S', 'GPDIC1', 'GPDICTPI', 'GS1', 'GS10', 'GS10TB3Mx', 'GS1TB3Mx', 'GS5', 'HNOREMQ027Sx', 'HOABS', 'HOAMS', 'HOANBS', 'HOUST', 'HOUST5F', 'HOUSTMW', 'HOUSTNE', 'HOUSTS', 'HOUSTW', 'HWIURATIOx', 'HWIx', 'IMPGSC1', 'INDPRO', 'INVCQRMTSPL', 'INVEST', 'IPB51110SQ', 'IPB51220SQ', 'IPB51222S', 'IPBUSEQ', 'IPCONGD', 'IPDBS', 'IPDCONGD', 'IPDMAT']",[],gdp_saar_first_h1,1.7297646701335907,0.0,0.03734341822564602,10,d4000b505a5f6988,False,0.7.0,1.7297646701335907,0.0,first,realtime_qoq_saar,saar_growth,pct_qoq_saar,gdpc1_qoq_saar_first_pct,processed
ecb_nowcast_mqdfm,/Users/rayhanmomin/code/fev-macro/results/processed_standard/gdpc1_qoq_saar_first_pct_dataset.parquet,,1,10,-10,1,1,,4,RMSE,[],[],id,timestamp,target,,[],"['A014RE1Q156NBEA', 'A823RL1Q225SBEA', 'AAA', 'AAAFFM', 'ACOGNOx', 'AHETPIx', 'AMDMNOx', 'AMDMUOx', 'ANDENOx', 'AWHMAN', 'AWHNONAG', 'AWOTMAN', 'B020RE1Q156NBEA', 'B021RE1Q156NBEA', 'BAA', 'BAA10YM', 'BOGMBASEREALx', 'BUSINVx', 'BUSLOANSx', 'CE16OV', 'CES0600000007', 'CES0600000008', 'CES2000000008x', 'CES3000000008x', 'CES9091000001', 'CES9092000001', 'CES9093000001', 'CIVPART', 'CLAIMSx', 'CMRMTSPLx', 'CNCFx', 'COMPAPFF', 'COMPRMS', 'COMPRNFB', 'CONSPIx', 'CONSUMERx', 'CP3M', 'CPF3MTB3Mx', 'CPIAPPSL', 'CPIAUCSL', 'CPILFESL', 'CPIMEDSL', 'CPITRNSL', 'CPIULFSL', 'CUMFNS', 'CUSR0000SA0L2', 'CUSR0000SA0L5', 'CUSR0000SAC', 'CUSR0000SAD', 'CUSR0000SAS', 'CUSR0000SEHC', 'DCLORG3Q086SBEA', 'DDURRG3Q086SBEA', 'DFDHRG3Q086SBEA', 'DFSARG3Q086SBEA', 'DFXARG3Q086SBEA', 'DGDSRG3Q086SBEA', 'DGOERG3Q086SBEA', 'DHCERG3Q086SBEA', 'DHLCRG3Q086SBEA', 'DHUTRG3Q086SBEA', 'DIFSRG3Q086SBEA', 'DMANEMP', 'DMOTRG3Q086SBEA', 'DNDGRG3Q086SBEA', 'DODGRG3Q086SBEA', 'DONGRG3Q086SBEA', 'DOTSRG3Q086SBEA', 'DPIC96', 'DRCARG3Q086SBEA', 'DREQRG3Q086SBEA', 'DRIWCIL', 'DSERRG3Q086SBEA', 'DTCOLNVHFNM', 'DTCTHFNM', 'DTRSRG3Q086SBEA', 'EXCAUSx', 'EXJPUSx', 'EXPGSC1', 'EXSZUSx', 'EXUSEU', 'EXUSUKx', 'FEDFUNDS', 'FGRECPTx', 'FPIx', 'GCEC1', 'GDPCTPI', 'GFDEBTNx', 'GFDEGDQ188S', 'GPDIC1', 'GPDICTPI', 'GS1', 'GS10', 'GS10TB3Mx', 'GS1TB3Mx', 'GS5', 'HNOREMQ027Sx', 'HOABS', 'HOAMS', 'HOANBS', 'HOUST', 'HOUST5F', 'HOUSTMW', 'HOUSTNE', 'HOUSTS', 'HOUSTW', 'HWIURATIOx', 'HWIx', 'IMPGSC1', 'INDPRO', 'INVCQRMTSPL', 'INVEST', 'IPB51110SQ', 'IPB51220SQ', 'IPB51222S', 'IPBUSEQ', 'IPCONGD', 'IPDBS', 'IPDCONGD', 'IPDMAT']",[],gdp_saar_first_h1,1.7297646701335907,0.0,0.0372629581252113,10,d4000b505a5f6988,False,0.7.0,1.7297646701335907,0.0,first,realtime_qoq_saar,saar_growth,pct_qoq_saar,gdpc1_qoq_saar_first_pct,processed
naive_last,/Users/rayhanmomin/code/fev-macro/results/processed_standard/gdpc1_qoq_saar_second_pct_dataset.parquet,,1,10,-10,1,1,,4,RMSE,[],[],id,timestamp,target,,[],"['A014RE1Q156NBEA', 'A823RL1Q225SBEA', 'AAA', 'AAAFFM', 'ACOGNOx', 'AHETPIx', 'AMDMNOx', 'AMDMUOx', 'ANDENOx', 'AWHMAN', 'AWHNONAG', 'AWOTMAN', 'B020RE1Q156NBEA', 'B021RE1Q156NBEA', 'BAA', 'BAA10YM', 'BOGMBASEREALx', 'BUSINVx', 'BUSLOANSx', 'CE16OV', 'CES0600000007', 'CES0600000008', 'CES2000000008x', 'CES3000000008x', 'CES9091000001', 'CES9092000001', 'CES9093000001', 'CIVPART', 'CLAIMSx', 'CMRMTSPLx', 'CNCFx', 'COMPAPFF', 'COMPRMS', 'COMPRNFB', 'CONSPIx', 'CONSUMERx', 'CP3M', 'CPF3MTB3Mx', 'CPIAPPSL', 'CPIAUCSL', 'CPILFESL', 'CPIMEDSL', 'CPITRNSL', 'CPIULFSL', 'CUMFNS', 'CUSR0000SA0L2', 'CUSR0000SA0L5', 'CUSR0000SAC', 'CUSR0000SAD', 'CUSR0000SAS', 'CUSR0000SEHC', 'DCLORG3Q086SBEA', 'DDURRG3Q086SBEA', 'DFDHRG3Q086SBEA', 'DFSARG3Q086SBEA', 'DFXARG3Q086SBEA', 'DGDSRG3Q086SBEA', 'DGOERG3Q086SBEA', 'DHCERG3Q086SBEA', 'DHLCRG3Q086SBEA', 'DHUTRG3Q086SBEA', 'DIFSRG3Q086SBEA', 'DMANEMP', 'DMOTRG3Q086SBEA', 'DNDGRG3Q086SBEA', 'DODGRG3Q086SBEA', 'DONGRG3Q086SBEA', 'DOTSRG3Q086SBEA', 'DPIC96', 'DRCARG3Q086SBEA', 'DREQRG3Q086SBEA', 'DRIWCIL', 'DSERRG3Q086SBEA', 'DTCOLNVHFNM', 'DTCTHFNM', 'DTRSRG3Q086SBEA', 'EXCAUSx', 'EXJPUSx', 'EXPGSC1', 'EXSZUSx', 'EXUSEU', 'EXUSUKx', 'FEDFUNDS', 'FGRECPTx', 'FPIx', 'GCEC1', 'GDPCTPI', 'GFDEBTNx', 'GFDEGDQ188S', 'GPDIC1', 'GPDICTPI', 'GS1', 'GS10', 'GS10TB3Mx', 'GS1TB3Mx', 'GS5', 'HNOREMQ027Sx', 'HOABS', 'HOAMS', 'HOANBS', 'HOUST', 'HOUST5F', 'HOUSTMW', 'HOUSTNE', 'HOUSTS', 'HOUSTW', 'HWIURATIOx', 'HWIx', 'IMPGSC1', 'INDPRO', 'INVCQRMTSPL', 'INVEST', 'IPB51110SQ', 'IPB51220SQ', 'IPB51222S', 'IPBUSEQ', 'IPCONGD', 'IPDBS', 'IPDCONGD', 'IPDMAT']",[],gdp_saar_second_h1,1.6462960600852967,0.0,0.05058058409485966,10,90310f2c2da04fe9,False,0.7.0,1.6462960600852967,0.0,second,realtime_qoq_saar,saar_growth,pct_qoq_saar,gdpc1_qoq_saar_second_pct,processed
mean,/Users/rayhanmomin/code/fev-macro/results/processed_standard/gdpc1_qoq_saar_second_pct_dataset.parquet,,1,10,-10,1,1,,4,RMSE,[],[],id,timestamp,target,,[],"['A014RE1Q156NBEA', 'A823RL1Q225SBEA', 'AAA', 'AAAFFM', 'ACOGNOx', 'AHETPIx', 'AMDMNOx', 'AMDMUOx', 'ANDENOx', 'AWHMAN', 'AWHNONAG', 'AWOTMAN', 'B020RE1Q156NBEA', 'B021RE1Q156NBEA', 'BAA', 'BAA10YM', 'BOGMBASEREALx', 'BUSINVx', 'BUSLOANSx', 'CE16OV', 'CES0600000007', 'CES0600000008', 'CES2000000008x', 'CES3000000008x', 'CES9091000001', 'CES9092000001', 'CES9093000001', 'CIVPART', 'CLAIMSx', 'CMRMTSPLx', 'CNCFx', 'COMPAPFF', 'COMPRMS', 'COMPRNFB', 'CONSPIx', 'CONSUMERx', 'CP3M', 'CPF3MTB3Mx', 'CPIAPPSL', 'CPIAUCSL', 'CPILFESL', 'CPIMEDSL', 'CPITRNSL', 'CPIULFSL', 'CUMFNS', 'CUSR0000SA0L2', 'CUSR0000SA0L5', 'CUSR0000SAC', 'CUSR0000SAD', 'CUSR0000SAS', 'CUSR0000SEHC', 'DCLORG3Q086SBEA', 'DDURRG3Q086SBEA', 'DFDHRG3Q086SBEA', 'DFSARG3Q086SBEA', 'DFXARG3Q086SBEA', 'DGDSRG3Q086SBEA', 'DGOERG3Q086SBEA', 'DHCERG3Q086SBEA', 'DHLCRG3Q086SBEA', 'DHUTRG3Q086SBEA', 'DIFSRG3Q086SBEA', 'DMANEMP', 'DMOTRG3Q086SBEA', 'DNDGRG3Q086SBEA', 'DODGRG3Q086SBEA', 'DONGRG3Q086SBEA', 'DOTSRG3Q086SBEA', 'DPIC96', 'DRCARG3Q086SBEA', 'DREQRG3Q086SBEA', 'DRIWCIL', 'DSERRG3Q086SBEA', 'DTCOLNVHFNM', 'DTCTHFNM', 'DTRSRG3Q086SBEA', 'EXCAUSx', 'EXJPUSx', 'EXPGSC1', 'EXSZUSx', 'EXUSEU', 'EXUSUKx', 'FEDFUNDS', 'FGRECPTx', 'FPIx', 'GCEC1', 'GDPCTPI', 'GFDEBTNx', 'GFDEGDQ188S', 'GPDIC1', 'GPDICTPI', 'GS1', 'GS10', 'GS10TB3Mx', 'GS1TB3Mx', 'GS5', 'HNOREMQ027Sx', 'HOABS', 'HOAMS', 'HOANBS', 'HOUST', 'HOUST5F', 'HOUSTMW', 'HOUSTNE', 'HOUSTS', 'HOUSTW', 'HWIURATIOx', 'HWIx', 'IMPGSC1', 'INDPRO', 'INVCQRMTSPL', 'INVEST', 'IPB51110SQ', 'IPB51220SQ', 'IPB51222S', 'IPBUSEQ', 'IPCONGD', 'IPDBS', 'IPDCONGD', 'IPDMAT']",[],gdp_saar_second_h1,1.0858549058437348,0.0,0.0513814187142998,10,90310f2c2da04fe9,False,0.7.0,1.0858549058437348,0.0,second,realtime_qoq_saar,saar_growth,pct_qoq_saar,gdpc1_qoq_saar_second_pct,processed
ar4,/Users/rayhanmomin/code/fev-macro/results/processed_standard/gdpc1_qoq_saar_second_pct_dataset.parquet,,1,10,-10,1,1,,4,RMSE,[],[],id,timestamp,target,,[],"['A014RE1Q156NBEA', 'A823RL1Q225SBEA', 'AAA', 'AAAFFM', 'ACOGNOx', 'AHETPIx', 'AMDMNOx', 'AMDMUOx', 'ANDENOx', 'AWHMAN', 'AWHNONAG', 'AWOTMAN', 'B020RE1Q156NBEA', 'B021RE1Q156NBEA', 'BAA', 'BAA10YM', 'BOGMBASEREALx', 'BUSINVx', 'BUSLOANSx', 'CE16OV', 'CES0600000007', 'CES0600000008', 'CES2000000008x', 'CES3000000008x', 'CES9091000001', 'CES9092000001', 'CES9093000001', 'CIVPART', 'CLAIMSx', 'CMRMTSPLx', 'CNCFx', 'COMPAPFF', 'COMPRMS', 'COMPRNFB', 'CONSPIx', 'CONSUMERx', 'CP3M', 'CPF3MTB3Mx', 'CPIAPPSL', 'CPIAUCSL', 'CPILFESL', 'CPIMEDSL', 'CPITRNSL', 'CPIULFSL', 'CUMFNS', 'CUSR0000SA0L2', 'CUSR0000SA0L5', 'CUSR0000SAC', 'CUSR0000SAD', 'CUSR0000SAS', 'CUSR0000SEHC', 'DCLORG3Q086SBEA', 'DDURRG3Q086SBEA', 'DFDHRG3Q086SBEA', 'DFSARG3Q086SBEA', 'DFXARG3Q086SBEA', 'DGDSRG3Q086SBEA', 'DGOERG3Q086SBEA', 'DHCERG3Q086SBEA', 'DHLCRG3Q086SBEA', 'DHUTRG3Q086SBEA', 'DIFSRG3Q086SBEA', 'DMANEMP', 'DMOTRG3Q086SBEA', 'DNDGRG3Q086SBEA', 'DODGRG3Q086SBEA', 'DONGRG3Q086SBEA', 'DOTSRG3Q086SBEA', 'DPIC96', 'DRCARG3Q086SBEA', 'DREQRG3Q086SBEA', 'DRIWCIL', 'DSERRG3Q086SBEA', 'DTCOLNVHFNM', 'DTCTHFNM', 'DTRSRG3Q086SBEA', 'EXCAUSx', 'EXJPUSx', 'EXPGSC1', 'EXSZUSx', 'EXUSEU', 'EXUSUKx', 'FEDFUNDS', 'FGRECPTx', 'FPIx', 'GCEC1', 'GDPCTPI', 'GFDEBTNx', 'GFDEGDQ188S', 'GPDIC1', 'GPDICTPI', 'GS1', 'GS10', 'GS10TB3Mx', 'GS1TB3Mx', 'GS5', 'HNOREMQ027Sx', 'HOABS', 'HOAMS', 'HOANBS', 'HOUST', 'HOUST5F', 'HOUSTMW', 'HOUSTNE', 'HOUSTS', 'HOUSTW', 'HWIURATIOx', 'HWIx', 'IMPGSC1', 'INDPRO', 'INVCQRMTSPL', 'INVEST', 'IPB51110SQ', 'IPB51220SQ', 'IPB51222S', 'IPBUSEQ', 'IPCONGD', 'IPDBS', 'IPDCONGD', 'IPDMAT']",[],gdp_saar_second_h1,1.1270103394985198,0.0,0.06533462309744209,10,90310f2c2da04fe9,False,0.7.0,1.1270103394985198,0.0,second,realtime_qoq_saar,saar_growth,pct_qoq_saar,gdpc1_qoq_saar_second_pct,processed
auto_arima,/Users/rayhanmomin/code/fev-macro/results/processed_standard/gdpc1_qoq_saar_second_pct_dataset.parquet,,1,10,-10,1,1,,4,RMSE,[],[],id,timestamp,target,,[],"['A014RE1Q156NBEA', 'A823RL1Q225SBEA', 'AAA', 'AAAFFM', 'ACOGNOx', 'AHETPIx', 'AMDMNOx', 'AMDMUOx', 'ANDENOx', 'AWHMAN', 'AWHNONAG', 'AWOTMAN', 'B020RE1Q156NBEA', 'B021RE1Q156NBEA', 'BAA', 'BAA10YM', 'BOGMBASEREALx', 'BUSINVx', 'BUSLOANSx', 'CE16OV', 'CES0600000007', 'CES0600000008', 'CES2000000008x', 'CES3000000008x', 'CES9091000001', 'CES9092000001', 'CES9093000001', 'CIVPART', 'CLAIMSx', 'CMRMTSPLx', 'CNCFx', 'COMPAPFF', 'COMPRMS', 'COMPRNFB', 'CONSPIx', 'CONSUMERx', 'CP3M', 'CPF3MTB3Mx', 'CPIAPPSL', 'CPIAUCSL', 'CPILFESL', 'CPIMEDSL', 'CPITRNSL', 'CPIULFSL', 'CUMFNS', 'CUSR0000SA0L2', 'CUSR0000SA0L5', 'CUSR0000SAC', 'CUSR0000SAD', 'CUSR0000SAS', 'CUSR0000SEHC', 'DCLORG3Q086SBEA', 'DDURRG3Q086SBEA', 'DFDHRG3Q086SBEA', 'DFSARG3Q086SBEA', 'DFXARG3Q086SBEA', 'DGDSRG3Q086SBEA', 'DGOERG3Q086SBEA', 'DHCERG3Q086SBEA', 'DHLCRG3Q086SBEA', 'DHUTRG3Q086SBEA', 'DIFSRG3Q086SBEA', 'DMANEMP', 'DMOTRG3Q086SBEA', 'DNDGRG3Q086SBEA', 'DODGRG3Q086SBEA', 'DONGRG3Q086SBEA', 'DOTSRG3Q086SBEA', 'DPIC96', 'DRCARG3Q086SBEA', 'DREQRG3Q086SBEA', 'DRIWCIL', 'DSERRG3Q086SBEA', 'DTCOLNVHFNM', 'DTCTHFNM', 'DTRSRG3Q086SBEA', 'EXCAUSx', 'EXJPUSx', 'EXPGSC1', 'EXSZUSx', 'EXUSEU', 'EXUSUKx', 'FEDFUNDS', 'FGRECPTx', 'FPIx', 'GCEC1', 'GDPCTPI', 'GFDEBTNx', 'GFDEGDQ188S', 'GPDIC1', 'GPDICTPI', 'GS1', 'GS10', 'GS10TB3Mx', 'GS1TB3Mx', 'GS5', 'HNOREMQ027Sx', 'HOABS', 'HOAMS', 'HOANBS', 'HOUST', 'HOUST5F', 'HOUSTMW', 'HOUSTNE', 'HOUSTS', 'HOUSTW', 'HWIURATIOx', 'HWIx', 'IMPGSC1', 'INDPRO', 'INVCQRMTSPL', 'INVEST', 'IPB51110SQ', 'IPB51220SQ', 'IPB51222S', 'IPBUSEQ', 'IPCONGD', 'IPDBS', 'IPDCONGD', 'IPDMAT']",[],gdp_saar_second_h1,1.2900511562824248,0.0,7.686200542841107,10,90310f2c2da04fe9,False,0.7.0,1.2900511562824248,0.0,second,realtime_qoq_saar,saar_growth,pct_qoq_saar,gdpc1_qoq_saar_second_pct,processed
theta,/Users/rayhanmomin/code/fev-macro/results/processed_standard/gdpc1_qoq_saar_second_pct_dataset.parquet,,1,10,-10,1,1,,4,RMSE,[],[],id,timestamp,target,,[],"['A014RE1Q156NBEA', 'A823RL1Q225SBEA', 'AAA', 'AAAFFM', 'ACOGNOx', 'AHETPIx', 'AMDMNOx', 'AMDMUOx', 'ANDENOx', 'AWHMAN', 'AWHNONAG', 'AWOTMAN', 'B020RE1Q156NBEA', 'B021RE1Q156NBEA', 'BAA', 'BAA10YM', 'BOGMBASEREALx', 'BUSINVx', 'BUSLOANSx', 'CE16OV', 'CES0600000007', 'CES0600000008', 'CES2000000008x', 'CES3000000008x', 'CES9091000001', 'CES9092000001', 'CES9093000001', 'CIVPART', 'CLAIMSx', 'CMRMTSPLx', 'CNCFx', 'COMPAPFF', 'COMPRMS', 'COMPRNFB', 'CONSPIx', 'CONSUMERx', 'CP3M', 'CPF3MTB3Mx', 'CPIAPPSL', 'CPIAUCSL', 'CPILFESL', 'CPIMEDSL', 'CPITRNSL', 'CPIULFSL', 'CUMFNS', 'CUSR0000SA0L2', 'CUSR0000SA0L5', 'CUSR0000SAC', 'CUSR0000SAD', 'CUSR0000SAS', 'CUSR0000SEHC', 'DCLORG3Q086SBEA', 'DDURRG3Q086SBEA', 'DFDHRG3Q086SBEA', 'DFSARG3Q086SBEA', 'DFXARG3Q086SBEA', 'DGDSRG3Q086SBEA', 'DGOERG3Q086SBEA', 'DHCERG3Q086SBEA', 'DHLCRG3Q086SBEA', 'DHUTRG3Q086SBEA', 'DIFSRG3Q086SBEA', 'DMANEMP', 'DMOTRG3Q086SBEA', 'DNDGRG3Q086SBEA', 'DODGRG3Q086SBEA', 'DONGRG3Q086SBEA', 'DOTSRG3Q086SBEA', 'DPIC96', 'DRCARG3Q086SBEA', 'DREQRG3Q086SBEA', 'DRIWCIL', 'DSERRG3Q086SBEA', 'DTCOLNVHFNM', 'DTCTHFNM', 'DTRSRG3Q086SBEA', 'EXCAUSx', 'EXJPUSx', 'EXPGSC1', 'EXSZUSx', 'EXUSEU', 'EXUSUKx', 'FEDFUNDS', 'FGRECPTx', 'FPIx', 'GCEC1', 'GDPCTPI', 'GFDEBTNx', 'GFDEGDQ188S', 'GPDIC1', 'GPDICTPI', 'GS1', 'GS10', 'GS10TB3Mx', 'GS1TB3Mx', 'GS5', 'HNOREMQ027Sx', 'HOABS', 'HOAMS', 'HOANBS', 'HOUST', 'HOUST5F', 'HOUSTMW', 'HOUSTNE', 'HOUSTS', 'HOUSTW', 'HWIURATIOx', 'HWIx', 'IMPGSC1', 'INDPRO', 'INVCQRMTSPL', 'INVEST', 'IPB51110SQ', 'IPB51220SQ', 'IPB51222S', 'IPBUSEQ', 'IPCONGD', 'IPDBS', 'IPDCONGD', 'IPDMAT']",[],gdp_saar_second_h1,1.1132926166057586,0.0,0.15592953993473202,10,90310f2c2da04fe9,False,0.7.0,1.1132926166057586,0.0,second,realtime_qoq_saar,saar_growth,pct_qoq_saar,gdpc1_qoq_saar_second_pct,processed
auto_ets,/Users/rayhanmomin/code/fev-macro/results/processed_standard/gdpc1_qoq_saar_second_pct_dataset.parquet,,1,10,-10,1,1,,4,RMSE,[],[],id,timestamp,target,,[],"['A014RE1Q156NBEA', 'A823RL1Q225SBEA', 'AAA', 'AAAFFM', 'ACOGNOx', 'AHETPIx', 'AMDMNOx', 'AMDMUOx', 'ANDENOx', 'AWHMAN', 'AWHNONAG', 'AWOTMAN', 'B020RE1Q156NBEA', 'B021RE1Q156NBEA', 'BAA', 'BAA10YM', 'BOGMBASEREALx', 'BUSINVx', 'BUSLOANSx', 'CE16OV', 'CES0600000007', 'CES0600000008', 'CES2000000008x', 'CES3000000008x', 'CES9091000001', 'CES9092000001', 'CES9093000001', 'CIVPART', 'CLAIMSx', 'CMRMTSPLx', 'CNCFx', 'COMPAPFF', 'COMPRMS', 'COMPRNFB', 'CONSPIx', 'CONSUMERx', 'CP3M', 'CPF3MTB3Mx', 'CPIAPPSL', 'CPIAUCSL', 'CPILFESL', 'CPIMEDSL', 'CPITRNSL', 'CPIULFSL', 'CUMFNS', 'CUSR0000SA0L2', 'CUSR0000SA0L5', 'CUSR0000SAC', 'CUSR0000SAD', 'CUSR0000SAS', 'CUSR0000SEHC', 'DCLORG3Q086SBEA', 'DDURRG3Q086SBEA', 'DFDHRG3Q086SBEA', 'DFSARG3Q086SBEA', 'DFXARG3Q086SBEA', 'DGDSRG3Q086SBEA', 'DGOERG3Q086SBEA', 'DHCERG3Q086SBEA', 'DHLCRG3Q086SBEA', 'DHUTRG3Q086SBEA', 'DIFSRG3Q086SBEA', 'DMANEMP', 'DMOTRG3Q086SBEA', 'DNDGRG3Q086SBEA', 'DODGRG3Q086SBEA', 'DONGRG3Q086SBEA', 'DOTSRG3Q086SBEA', 'DPIC96', 'DRCARG3Q086SBEA', 'DREQRG3Q086SBEA', 'DRIWCIL', 'DSERRG3Q086SBEA', 'DTCOLNVHFNM', 'DTCTHFNM', 'DTRSRG3Q086SBEA', 'EXCAUSx', 'EXJPUSx', 'EXPGSC1', 'EXSZUSx', 'EXUSEU', 'EXUSUKx', 'FEDFUNDS', 'FGRECPTx', 'FPIx', 'GCEC1', 'GDPCTPI', 'GFDEBTNx', 'GFDEGDQ188S', 'GPDIC1', 'GPDICTPI', 'GS1', 'GS10', 'GS10TB3Mx', 'GS1TB3Mx', 'GS5', 'HNOREMQ027Sx', 'HOABS', 'HOAMS', 'HOANBS', 'HOUST', 'HOUST5F', 'HOUSTMW', 'HOUSTNE', 'HOUSTS', 'HOUSTW', 'HWIURATIOx', 'HWIx', 'IMPGSC1', 'INDPRO', 'INVCQRMTSPL', 'INVEST', 'IPB51110SQ', 'IPB51220SQ', 'IPB51222S', 'IPBUSEQ', 'IPCONGD', 'IPDBS', 'IPDCONGD', 'IPDMAT']",[],gdp_saar_second_h1,1.3120452225208283,0.0,0.4337597917765379,10,90310f2c2da04fe9,False,0.7.0,1.3120452225208283,0.0,second,realtime_qoq_saar,saar_growth,pct_qoq_saar,gdpc1_qoq_saar_second_pct,processed
random_forest,/Users/rayhanmomin/code/fev-macro/results/processed_standard/gdpc1_qoq_saar_second_pct_dataset.parquet,,1,10,-10,1,1,,4,RMSE,[],[],id,timestamp,target,,[],"['A014RE1Q156NBEA', 'A823RL1Q225SBEA', 'AAA', 'AAAFFM', 'ACOGNOx', 'AHETPIx', 'AMDMNOx', 'AMDMUOx', 'ANDENOx', 'AWHMAN', 'AWHNONAG', 'AWOTMAN', 'B020RE1Q156NBEA', 'B021RE1Q156NBEA', 'BAA', 'BAA10YM', 'BOGMBASEREALx', 'BUSINVx', 'BUSLOANSx', 'CE16OV', 'CES0600000007', 'CES0600000008', 'CES2000000008x', 'CES3000000008x', 'CES9091000001', 'CES9092000001', 'CES9093000001', 'CIVPART', 'CLAIMSx', 'CMRMTSPLx', 'CNCFx', 'COMPAPFF', 'COMPRMS', 'COMPRNFB', 'CONSPIx', 'CONSUMERx', 'CP3M', 'CPF3MTB3Mx', 'CPIAPPSL', 'CPIAUCSL', 'CPILFESL', 'CPIMEDSL', 'CPITRNSL', 'CPIULFSL', 'CUMFNS', 'CUSR0000SA0L2', 'CUSR0000SA0L5', 'CUSR0000SAC', 'CUSR0000SAD', 'CUSR0000SAS', 'CUSR0000SEHC', 'DCLORG3Q086SBEA', 'DDURRG3Q086SBEA', 'DFDHRG3Q086SBEA', 'DFSARG3Q086SBEA', 'DFXARG3Q086SBEA', 'DGDSRG3Q086SBEA', 'DGOERG3Q086SBEA', 'DHCERG3Q086SBEA', 'DHLCRG3Q086SBEA', 'DHUTRG3Q086SBEA', 'DIFSRG3Q086SBEA', 'DMANEMP', 'DMOTRG3Q086SBEA', 'DNDGRG3Q086SBEA', 'DODGRG3Q086SBEA', 'DONGRG3Q086SBEA', 'DOTSRG3Q086SBEA', 'DPIC96', 'DRCARG3Q086SBEA', 'DREQRG3Q086SBEA', 'DRIWCIL', 'DSERRG3Q086SBEA', 'DTCOLNVHFNM', 'DTCTHFNM', 'DTRSRG3Q086SBEA', 'EXCAUSx', 'EXJPUSx', 'EXPGSC1', 'EXSZUSx', 'EXUSEU', 'EXUSUKx', 'FEDFUNDS', 'FGRECPTx', 'FPIx', 'GCEC1', 'GDPCTPI', 'GFDEBTNx', 'GFDEGDQ188S', 'GPDIC1', 'GPDICTPI', 'GS1', 'GS10', 'GS10TB3Mx', 'GS1TB3Mx', 'GS5', 'HNOREMQ027Sx', 'HOABS', 'HOAMS', 'HOANBS', 'HOUST', 'HOUST5F', 'HOUSTMW', 'HOUSTNE', 'HOUSTS', 'HOUSTW', 'HWIURATIOx', 'HWIx', 'IMPGSC1', 'INDPRO', 'INVCQRMTSPL', 'INVEST', 'IPB51110SQ', 'IPB51220SQ', 'IPB51222S', 'IPBUSEQ', 'IPCONGD', 'IPDBS', 'IPDCONGD', 'IPDMAT']",[],gdp_saar_second_h1,1.5414586066268385,0.0,1.466503790114075,10,90310f2c2da04fe9,False,0.7.0,1.5414586066268385,0.0,second,realtime_qoq_saar,saar_growth,pct_qoq_saar,gdpc1_qoq_saar_second_pct,processed
xgboost,/Users/rayhanmomin/code/fev-macro/results/processed_standard/gdpc1_qoq_saar_second_pct_dataset.parquet,,1,10,-10,1,1,,4,RMSE,[],[],id,timestamp,target,,[],"['A014RE1Q156NBEA', 'A823RL1Q225SBEA', 'AAA', 'AAAFFM', 'ACOGNOx', 'AHETPIx', 'AMDMNOx', 'AMDMUOx', 'ANDENOx', 'AWHMAN', 'AWHNONAG', 'AWOTMAN', 'B020RE1Q156NBEA', 'B021RE1Q156NBEA', 'BAA', 'BAA10YM', 'BOGMBASEREALx', 'BUSINVx', 'BUSLOANSx', 'CE16OV', 'CES0600000007', 'CES0600000008', 'CES2000000008x', 'CES3000000008x', 'CES9091000001', 'CES9092000001', 'CES9093000001', 'CIVPART', 'CLAIMSx', 'CMRMTSPLx', 'CNCFx', 'COMPAPFF', 'COMPRMS', 'COMPRNFB', 'CONSPIx', 'CONSUMERx', 'CP3M', 'CPF3MTB3Mx', 'CPIAPPSL', 'CPIAUCSL', 'CPILFESL', 'CPIMEDSL', 'CPITRNSL', 'CPIULFSL', 'CUMFNS', 'CUSR0000SA0L2', 'CUSR0000SA0L5', 'CUSR0000SAC', 'CUSR0000SAD', 'CUSR0000SAS', 'CUSR0000SEHC', 'DCLORG3Q086SBEA', 'DDURRG3Q086SBEA', 'DFDHRG3Q086SBEA', 'DFSARG3Q086SBEA', 'DFXARG3Q086SBEA', 'DGDSRG3Q086SBEA', 'DGOERG3Q086SBEA', 'DHCERG3Q086SBEA', 'DHLCRG3Q086SBEA', 'DHUTRG3Q086SBEA', 'DIFSRG3Q086SBEA', 'DMANEMP', 'DMOTRG3Q086SBEA', 'DNDGRG3Q086SBEA', 'DODGRG3Q086SBEA', 'DONGRG3Q086SBEA', 'DOTSRG3Q086SBEA', 'DPIC96', 'DRCARG3Q086SBEA', 'DREQRG3Q086SBEA', 'DRIWCIL', 'DSERRG3Q086SBEA', 'DTCOLNVHFNM', 'DTCTHFNM', 'DTRSRG3Q086SBEA', 'EXCAUSx', 'EXJPUSx', 'EXPGSC1', 'EXSZUSx', 'EXUSEU', 'EXUSUKx', 'FEDFUNDS', 'FGRECPTx', 'FPIx', 'GCEC1', 'GDPCTPI', 'GFDEBTNx', 'GFDEGDQ188S', 'GPDIC1', 'GPDICTPI', 'GS1', 'GS10', 'GS10TB3Mx', 'GS1TB3Mx', 'GS5', 'HNOREMQ027Sx', 'HOABS', 'HOAMS', 'HOANBS', 'HOUST', 'HOUST5F', 'HOUSTMW', 'HOUSTNE', 'HOUSTS', 'HOUSTW', 'HWIURATIOx', 'HWIx', 'IMPGSC1', 'INDPRO', 'INVCQRMTSPL', 'INVEST', 'IPB51110SQ', 'IPB51220SQ', 'IPB51222S', 'IPBUSEQ', 'IPCONGD', 'IPDBS', 'IPDCONGD', 'IPDMAT']",[],gdp_saar_second_h1,1.0484605729579926,0.0,14.16335883399006,10,90310f2c2da04fe9,False,0.7.0,1.0484605729579926,0.0,second,realtime_qoq_saar,saar_growth,pct_qoq_saar,gdpc1_qoq_saar_second_pct,processed
factor_pca_qd,/Users/rayhanmomin/code/fev-macro/results/processed_standard/gdpc1_qoq_saar_second_pct_dataset.parquet,,1,10,-10,1,1,,4,RMSE,[],[],id,timestamp,target,,[],"['A014RE1Q156NBEA', 'A823RL1Q225SBEA', 'AAA', 'AAAFFM', 'ACOGNOx', 'AHETPIx', 'AMDMNOx', 'AMDMUOx', 'ANDENOx', 'AWHMAN', 'AWHNONAG', 'AWOTMAN', 'B020RE1Q156NBEA', 'B021RE1Q156NBEA', 'BAA', 'BAA10YM', 'BOGMBASEREALx', 'BUSINVx', 'BUSLOANSx', 'CE16OV', 'CES0600000007', 'CES0600000008', 'CES2000000008x', 'CES3000000008x', 'CES9091000001', 'CES9092000001', 'CES9093000001', 'CIVPART', 'CLAIMSx', 'CMRMTSPLx', 'CNCFx', 'COMPAPFF', 'COMPRMS', 'COMPRNFB', 'CONSPIx', 'CONSUMERx', 'CP3M', 'CPF3MTB3Mx', 'CPIAPPSL', 'CPIAUCSL', 'CPILFESL', 'CPIMEDSL', 'CPITRNSL', 'CPIULFSL', 'CUMFNS', 'CUSR0000SA0L2', 'CUSR0000SA0L5', 'CUSR0000SAC', 'CUSR0000SAD', 'CUSR0000SAS', 'CUSR0000SEHC', 'DCLORG3Q086SBEA', 'DDURRG3Q086SBEA', 'DFDHRG3Q086SBEA', 'DFSARG3Q086SBEA', 'DFXARG3Q086SBEA', 'DGDSRG3Q086SBEA', 'DGOERG3Q086SBEA', 'DHCERG3Q086SBEA', 'DHLCRG3Q086SBEA', 'DHUTRG3Q086SBEA', 'DIFSRG3Q086SBEA', 'DMANEMP', 'DMOTRG3Q086SBEA', 'DNDGRG3Q086SBEA', 'DODGRG3Q086SBEA', 'DONGRG3Q086SBEA', 'DOTSRG3Q086SBEA', 'DPIC96', 'DRCARG3Q086SBEA', 'DREQRG3Q086SBEA', 'DRIWCIL', 'DSERRG3Q086SBEA', 'DTCOLNVHFNM', 'DTCTHFNM', 'DTRSRG3Q086SBEA', 'EXCAUSx', 'EXJPUSx', 'EXPGSC1', 'EXSZUSx', 'EXUSEU', 'EXUSUKx', 'FEDFUNDS', 'FGRECPTx', 'FPIx', 'GCEC1', 'GDPCTPI', 'GFDEBTNx', 'GFDEGDQ188S', 'GPDIC1', 'GPDICTPI', 'GS1', 'GS10', 'GS10TB3Mx', 'GS1TB3Mx', 'GS5', 'HNOREMQ027Sx', 'HOABS', 'HOAMS', 'HOANBS', 'HOUST', 'HOUST5F', 'HOUSTMW', 'HOUSTNE', 'HOUSTS', 'HOUSTW', 'HWIURATIOx', 'HWIx', 'IMPGSC1', 'INDPRO', 'INVCQRMTSPL', 'INVEST', 'IPB51110SQ', 'IPB51220SQ', 'IPB51222S', 'IPBUSEQ', 'IPCONGD', 'IPDBS', 'IPDCONGD', 'IPDMAT']",[],gdp_saar_second_h1,1.1915331304073333,0.0,0.2025483741890639,10,90310f2c2da04fe9,False,0.7.0,1.1915331304073333,0.0,second,realtime_qoq_saar,saar_growth,pct_qoq_saar,gdpc1_qoq_saar_second_pct,processed
mixed_freq_dfm_md,/Users/rayhanmomin/code/fev-macro/results/processed_standard/gdpc1_qoq_saar_second_pct_dataset.parquet,,1,10,-10,1,1,,4,RMSE,[],[],id,timestamp,target,,[],"['A014RE1Q156NBEA', 'A823RL1Q225SBEA', 'AAA', 'AAAFFM', 'ACOGNOx', 'AHETPIx', 'AMDMNOx', 'AMDMUOx', 'ANDENOx', 'AWHMAN', 'AWHNONAG', 'AWOTMAN', 'B020RE1Q156NBEA', 'B021RE1Q156NBEA', 'BAA', 'BAA10YM', 'BOGMBASEREALx', 'BUSINVx', 'BUSLOANSx', 'CE16OV', 'CES0600000007', 'CES0600000008', 'CES2000000008x', 'CES3000000008x', 'CES9091000001', 'CES9092000001', 'CES9093000001', 'CIVPART', 'CLAIMSx', 'CMRMTSPLx', 'CNCFx', 'COMPAPFF', 'COMPRMS', 'COMPRNFB', 'CONSPIx', 'CONSUMERx', 'CP3M', 'CPF3MTB3Mx', 'CPIAPPSL', 'CPIAUCSL', 'CPILFESL', 'CPIMEDSL', 'CPITRNSL', 'CPIULFSL', 'CUMFNS', 'CUSR0000SA0L2', 'CUSR0000SA0L5', 'CUSR0000SAC', 'CUSR0000SAD', 'CUSR0000SAS', 'CUSR0000SEHC', 'DCLORG3Q086SBEA', 'DDURRG3Q086SBEA', 'DFDHRG3Q086SBEA', 'DFSARG3Q086SBEA', 'DFXARG3Q086SBEA', 'DGDSRG3Q086SBEA', 'DGOERG3Q086SBEA', 'DHCERG3Q086SBEA', 'DHLCRG3Q086SBEA', 'DHUTRG3Q086SBEA', 'DIFSRG3Q086SBEA', 'DMANEMP', 'DMOTRG3Q086SBEA', 'DNDGRG3Q086SBEA', 'DODGRG3Q086SBEA', 'DONGRG3Q086SBEA', 'DOTSRG3Q086SBEA', 'DPIC96', 'DRCARG3Q086SBEA', 'DREQRG3Q086SBEA', 'DRIWCIL', 'DSERRG3Q086SBEA', 'DTCOLNVHFNM', 'DTCTHFNM', 'DTRSRG3Q086SBEA', 'EXCAUSx', 'EXJPUSx', 'EXPGSC1', 'EXSZUSx', 'EXUSEU', 'EXUSUKx', 'FEDFUNDS', 'FGRECPTx', 'FPIx', 'GCEC1', 'GDPCTPI', 'GFDEBTNx', 'GFDEGDQ188S', 'GPDIC1', 'GPDICTPI', 'GS1', 'GS10', 'GS10TB3Mx', 'GS1TB3Mx', 'GS5', 'HNOREMQ027Sx', 'HOABS', 'HOAMS', 'HOANBS', 'HOUST', 'HOUST5F', 'HOUSTMW', 'HOUSTNE', 'HOUSTS', 'HOUSTW', 'HWIURATIOx', 'HWIx', 'IMPGSC1', 'INDPRO', 'INVCQRMTSPL', 'INVEST', 'IPB51110SQ', 'IPB51220SQ', 'IPB51222S', 'IPBUSEQ', 'IPCONGD', 'IPDBS', 'IPDCONGD', 'IPDMAT']",[],gdp_saar_second_h1,1.9611931949853898,0.0,0.08496325078886002,10,90310f2c2da04fe9,False,0.7.0,1.9611931949853898,0.0,second,realtime_qoq_saar,saar_growth,pct_qoq_saar,gdpc1_qoq_saar_second_pct,processed
bvar_minnesota_growth_8,/Users/rayhanmomin/code/fev-macro/results/processed_standard/gdpc1_qoq_saar_second_pct_dataset.parquet,,1,10,-10,1,1,,4,RMSE,[],[],id,timestamp,target,,[],"['A014RE1Q156NBEA', 'A823RL1Q225SBEA', 'AAA', 'AAAFFM', 'ACOGNOx', 'AHETPIx', 'AMDMNOx', 'AMDMUOx', 'ANDENOx', 'AWHMAN', 'AWHNONAG', 'AWOTMAN', 'B020RE1Q156NBEA', 'B021RE1Q156NBEA', 'BAA', 'BAA10YM', 'BOGMBASEREALx', 'BUSINVx', 'BUSLOANSx', 'CE16OV', 'CES0600000007', 'CES0600000008', 'CES2000000008x', 'CES3000000008x', 'CES9091000001', 'CES9092000001', 'CES9093000001', 'CIVPART', 'CLAIMSx', 'CMRMTSPLx', 'CNCFx', 'COMPAPFF', 'COMPRMS', 'COMPRNFB', 'CONSPIx', 'CONSUMERx', 'CP3M', 'CPF3MTB3Mx', 'CPIAPPSL', 'CPIAUCSL', 'CPILFESL', 'CPIMEDSL', 'CPITRNSL', 'CPIULFSL', 'CUMFNS', 'CUSR0000SA0L2', 'CUSR0000SA0L5', 'CUSR0000SAC', 'CUSR0000SAD', 'CUSR0000SAS', 'CUSR0000SEHC', 'DCLORG3Q086SBEA', 'DDURRG3Q086SBEA', 'DFDHRG3Q086SBEA', 'DFSARG3Q086SBEA', 'DFXARG3Q086SBEA', 'DGDSRG3Q086SBEA', 'DGOERG3Q086SBEA', 'DHCERG3Q086SBEA', 'DHLCRG3Q086SBEA', 'DHUTRG3Q086SBEA', 'DIFSRG3Q086SBEA', 'DMANEMP', 'DMOTRG3Q086SBEA', 'DNDGRG3Q086SBEA', 'DODGRG3Q086SBEA', 'DONGRG3Q086SBEA', 'DOTSRG3Q086SBEA', 'DPIC96', 'DRCARG3Q086SBEA', 'DREQRG3Q086SBEA', 'DRIWCIL', 'DSERRG3Q086SBEA', 'DTCOLNVHFNM', 'DTCTHFNM', 'DTRSRG3Q086SBEA', 'EXCAUSx', 'EXJPUSx', 'EXPGSC1', 'EXSZUSx', 'EXUSEU', 'EXUSUKx', 'FEDFUNDS', 'FGRECPTx', 'FPIx', 'GCEC1', 'GDPCTPI', 'GFDEBTNx', 'GFDEGDQ188S', 'GPDIC1', 'GPDICTPI', 'GS1', 'GS10', 'GS10TB3Mx', 'GS1TB3Mx', 'GS5', 'HNOREMQ027Sx', 'HOABS', 'HOAMS', 'HOANBS', 'HOUST', 'HOUST5F', 'HOUSTMW', 'HOUSTNE', 'HOUSTS', 'HOUSTW', 'HWIURATIOx', 'HWIx', 'IMPGSC1', 'INDPRO', 'INVCQRMTSPL', 'INVEST', 'IPB51110SQ', 'IPB51220SQ', 'IPB51222S', 'IPBUSEQ', 'IPCONGD', 'IPDBS', 'IPDCONGD', 'IPDMAT']",[],gdp_saar_second_h1,1.1617067277431488,0.0,0.11194483377039433,10,90310f2c2da04fe9,False,0.7.0,1.1617067277431488,0.0,second,realtime_qoq_saar,saar_growth,pct_qoq_saar,gdpc1_qoq_saar_second_pct,processed
bvar_minnesota_growth_20,/Users/rayhanmomin/code/fev-macro/results/processed_standard/gdpc1_qoq_saar_second_pct_dataset.parquet,,1,10,-10,1,1,,4,RMSE,[],[],id,timestamp,target,,[],"['A014RE1Q156NBEA', 'A823RL1Q225SBEA', 'AAA', 'AAAFFM', 'ACOGNOx', 'AHETPIx', 'AMDMNOx', 'AMDMUOx', 'ANDENOx', 'AWHMAN', 'AWHNONAG', 'AWOTMAN', 'B020RE1Q156NBEA', 'B021RE1Q156NBEA', 'BAA', 'BAA10YM', 'BOGMBASEREALx', 'BUSINVx', 'BUSLOANSx', 'CE16OV', 'CES0600000007', 'CES0600000008', 'CES2000000008x', 'CES3000000008x', 'CES9091000001', 'CES9092000001', 'CES9093000001', 'CIVPART', 'CLAIMSx', 'CMRMTSPLx', 'CNCFx', 'COMPAPFF', 'COMPRMS', 'COMPRNFB', 'CONSPIx', 'CONSUMERx', 'CP3M', 'CPF3MTB3Mx', 'CPIAPPSL', 'CPIAUCSL', 'CPILFESL', 'CPIMEDSL', 'CPITRNSL', 'CPIULFSL', 'CUMFNS', 'CUSR0000SA0L2', 'CUSR0000SA0L5', 'CUSR0000SAC', 'CUSR0000SAD', 'CUSR0000SAS', 'CUSR0000SEHC', 'DCLORG3Q086SBEA', 'DDURRG3Q086SBEA', 'DFDHRG3Q086SBEA', 'DFSARG3Q086SBEA', 'DFXARG3Q086SBEA', 'DGDSRG3Q086SBEA', 'DGOERG3Q086SBEA', 'DHCERG3Q086SBEA', 'DHLCRG3Q086SBEA', 'DHUTRG3Q086SBEA', 'DIFSRG3Q086SBEA', 'DMANEMP', 'DMOTRG3Q086SBEA', 'DNDGRG3Q086SBEA', 'DODGRG3Q086SBEA', 'DONGRG3Q086SBEA', 'DOTSRG3Q086SBEA', 'DPIC96', 'DRCARG3Q086SBEA', 'DREQRG3Q086SBEA', 'DRIWCIL', 'DSERRG3Q086SBEA', 'DTCOLNVHFNM', 'DTCTHFNM', 'DTRSRG3Q086SBEA', 'EXCAUSx', 'EXJPUSx', 'EXPGSC1', 'EXSZUSx', 'EXUSEU', 'EXUSUKx', 'FEDFUNDS', 'FGRECPTx', 'FPIx', 'GCEC1', 'GDPCTPI', 'GFDEBTNx', 'GFDEGDQ188S', 'GPDIC1', 'GPDICTPI', 'GS1', 'GS10', 'GS10TB3Mx', 'GS1TB3Mx', 'GS5', 'HNOREMQ027Sx', 'HOABS', 'HOAMS', 'HOANBS', 'HOUST', 'HOUST5F', 'HOUSTMW', 'HOUSTNE', 'HOUSTS', 'HOUSTW', 'HWIURATIOx', 'HWIx', 'IMPGSC1', 'INDPRO', 'INVCQRMTSPL', 'INVEST', 'IPB51110SQ', 'IPB51220SQ', 'IPB51222S', 'IPBUSEQ', 'IPCONGD', 'IPDBS', 'IPDCONGD', 'IPDMAT']",[],gdp_saar_second_h1,1.35238556265831,0.0,0.13145616499241441,10,90310f2c2da04fe9,False,0.7.0,1.35238556265831,0.0,second,realtime_qoq_saar,saar_growth,pct_qoq_saar,gdpc1_qoq_saar_second_pct,processed
nyfed_nowcast_mqdfm,/Users/rayhanmomin/code/fev-macro/results/processed_standard/gdpc1_qoq_saar_second_pct_dataset.parquet,,1,10,-10,1,1,,4,RMSE,[],[],id,timestamp,target,,[],"['A014RE1Q156NBEA', 'A823RL1Q225SBEA', 'AAA', 'AAAFFM', 'ACOGNOx', 'AHETPIx', 'AMDMNOx', 'AMDMUOx', 'ANDENOx', 'AWHMAN', 'AWHNONAG', 'AWOTMAN', 'B020RE1Q156NBEA', 'B021RE1Q156NBEA', 'BAA', 'BAA10YM', 'BOGMBASEREALx', 'BUSINVx', 'BUSLOANSx', 'CE16OV', 'CES0600000007', 'CES0600000008', 'CES2000000008x', 'CES3000000008x', 'CES9091000001', 'CES9092000001', 'CES9093000001', 'CIVPART', 'CLAIMSx', 'CMRMTSPLx', 'CNCFx', 'COMPAPFF', 'COMPRMS', 'COMPRNFB', 'CONSPIx', 'CONSUMERx', 'CP3M', 'CPF3MTB3Mx', 'CPIAPPSL', 'CPIAUCSL', 'CPILFESL', 'CPIMEDSL', 'CPITRNSL', 'CPIULFSL', 'CUMFNS', 'CUSR0000SA0L2', 'CUSR0000SA0L5', 'CUSR0000SAC', 'CUSR0000SAD', 'CUSR0000SAS', 'CUSR0000SEHC', 'DCLORG3Q086SBEA', 'DDURRG3Q086SBEA', 'DFDHRG3Q086SBEA', 'DFSARG3Q086SBEA', 'DFXARG3Q086SBEA', 'DGDSRG3Q086SBEA', 'DGOERG3Q086SBEA', 'DHCERG3Q086SBEA', 'DHLCRG3Q086SBEA', 'DHUTRG3Q086SBEA', 'DIFSRG3Q086SBEA', 'DMANEMP', 'DMOTRG3Q086SBEA', 'DNDGRG3Q086SBEA', 'DODGRG3Q086SBEA', 'DONGRG3Q086SBEA', 'DOTSRG3Q086SBEA', 'DPIC96', 'DRCARG3Q086SBEA', 'DREQRG3Q086SBEA', 'DRIWCIL', 'DSERRG3Q086SBEA', 'DTCOLNVHFNM', 'DTCTHFNM', 'DTRSRG3Q086SBEA', 'EXCAUSx', 'EXJPUSx', 'EXPGSC1', 'EXSZUSx', 'EXUSEU', 'EXUSUKx', 'FEDFUNDS', 'FGRECPTx', 'FPIx', 'GCEC1', 'GDPCTPI', 'GFDEBTNx', 'GFDEGDQ188S', 'GPDIC1', 'GPDICTPI', 'GS1', 'GS10', 'GS10TB3Mx', 'GS1TB3Mx', 'GS5', 'HNOREMQ027Sx', 'HOABS', 'HOAMS', 'HOANBS', 'HOUST', 'HOUST5F', 'HOUSTMW', 'HOUSTNE', 'HOUSTS', 'HOUSTW', 'HWIURATIOx', 'HWIx', 'IMPGSC1', 'INDPRO', 'INVCQRMTSPL', 'INVEST', 'IPB51110SQ', 'IPB51220SQ', 'IPB51222S', 'IPBUSEQ', 'IPCONGD', 'IPDBS', 'IPDCONGD', 'IPDMAT']",[],gdp_saar_second_h1,1.6462960600852967,0.0,0.03714458306785673,10,90310f2c2da04fe9,False,0.7.0,1.6462960600852967,0.0,second,realtime_qoq_saar,saar_growth,pct_qoq_saar,gdpc1_qoq_saar_second_pct,processed
ecb_nowcast_mqdfm,/Users/rayhanmomin/code/fev-macro/results/processed_standard/gdpc1_qoq_saar_second_pct_dataset.parquet,,1,10,-10,1,1,,4,RMSE,[],[],id,timestamp,target,,[],"['A014RE1Q156NBEA', 'A823RL1Q225SBEA', 'AAA', 'AAAFFM', 'ACOGNOx', 'AHETPIx', 'AMDMNOx', 'AMDMUOx', 'ANDENOx', 'AWHMAN', 'AWHNONAG', 'AWOTMAN', 'B020RE1Q156NBEA', 'B021RE1Q156NBEA', 'BAA', 'BAA10YM', 'BOGMBASEREALx', 'BUSINVx', 'BUSLOANSx', 'CE16OV', 'CES0600000007', 'CES0600000008', 'CES2000000008x', 'CES3000000008x', 'CES9091000001', 'CES9092000001', 'CES9093000001', 'CIVPART', 'CLAIMSx', 'CMRMTSPLx', 'CNCFx', 'COMPAPFF', 'COMPRMS', 'COMPRNFB', 'CONSPIx', 'CONSUMERx', 'CP3M', 'CPF3MTB3Mx', 'CPIAPPSL', 'CPIAUCSL', 'CPILFESL', 'CPIMEDSL', 'CPITRNSL', 'CPIULFSL', 'CUMFNS', 'CUSR0000SA0L2', 'CUSR0000SA0L5', 'CUSR0000SAC', 'CUSR0000SAD', 'CUSR0000SAS', 'CUSR0000SEHC', 'DCLORG3Q086SBEA', 'DDURRG3Q086SBEA', 'DFDHRG3Q086SBEA', 'DFSARG3Q086SBEA', 'DFXARG3Q086SBEA', 'DGDSRG3Q086SBEA', 'DGOERG3Q086SBEA', 'DHCERG3Q086SBEA', 'DHLCRG3Q086SBEA', 'DHUTRG3Q086SBEA', 'DIFSRG3Q086SBEA', 'DMANEMP', 'DMOTRG3Q086SBEA', 'DNDGRG3Q086SBEA', 'DODGRG3Q086SBEA', 'DONGRG3Q086SBEA', 'DOTSRG3Q086SBEA', 'DPIC96', 'DRCARG3Q086SBEA', 'DREQRG3Q086SBEA', 'DRIWCIL', 'DSERRG3Q086SBEA', 'DTCOLNVHFNM', 'DTCTHFNM', 'DTRSRG3Q086SBEA', 'EXCAUSx', 'EXJPUSx', 'EXPGSC1', 'EXSZUSx', 'EXUSEU', 'EXUSUKx', 'FEDFUNDS', 'FGRECPTx', 'FPIx', 'GCEC1', 'GDPCTPI', 'GFDEBTNx', 'GFDEGDQ188S', 'GPDIC1', 'GPDICTPI', 'GS1', 'GS10', 'GS10TB3Mx', 'GS1TB3Mx', 'GS5', 'HNOREMQ027Sx', 'HOABS', 'HOAMS', 'HOANBS', 'HOUST', 'HOUST5F', 'HOUSTMW', 'HOUSTNE', 'HOUSTS', 'HOUSTW', 'HWIURATIOx', 'HWIx', 'IMPGSC1', 'INDPRO', 'INVCQRMTSPL', 'INVEST', 'IPB51110SQ', 'IPB51220SQ', 'IPB51222S', 'IPBUSEQ', 'IPCONGD', 'IPDBS', 'IPDCONGD', 'IPDMAT']",[],gdp_saar_second_h1,1.6462960600852967,0.0,0.037415290833450854,10,90310f2c2da04fe9,False,0.7.0,1.6462960600852967,0.0,second,realtime_qoq_saar,saar_growth,pct_qoq_saar,gdpc1_qoq_saar_second_pct,processed
naive_last,/Users/rayhanmomin/code/fev-macro/results/processed_standard/gdpc1_qoq_saar_third_pct_dataset.parquet,,1,10,-10,1,1,,4,RMSE,[],[],id,timestamp,target,,[],"['A014RE1Q156NBEA', 'A823RL1Q225SBEA', 'AAA', 'AAAFFM', 'ACOGNOx', 'AHETPIx', 'AMDMNOx', 'AMDMUOx', 'ANDENOx', 'AWHMAN', 'AWHNONAG', 'AWOTMAN', 'B020RE1Q156NBEA', 'B021RE1Q156NBEA', 'BAA', 'BAA10YM', 'BOGMBASEREALx', 'BUSINVx', 'BUSLOANSx', 'CE16OV', 'CES0600000007', 'CES0600000008', 'CES2000000008x', 'CES3000000008x', 'CES9091000001', 'CES9092000001', 'CES9093000001', 'CIVPART', 'CLAIMSx', 'CMRMTSPLx', 'CNCFx', 'COMPAPFF', 'COMPRMS', 'COMPRNFB', 'CONSPIx', 'CONSUMERx', 'CP3M', 'CPF3MTB3Mx', 'CPIAPPSL', 'CPIAUCSL', 'CPILFESL', 'CPIMEDSL', 'CPITRNSL', 'CPIULFSL', 'CUMFNS', 'CUSR0000SA0L2', 'CUSR0000SA0L5', 'CUSR0000SAC', 'CUSR0000SAD', 'CUSR0000SAS', 'CUSR0000SEHC', 'DCLORG3Q086SBEA', 'DDURRG3Q086SBEA', 'DFDHRG3Q086SBEA', 'DFSARG3Q086SBEA', 'DFXARG3Q086SBEA', 'DGDSRG3Q086SBEA', 'DGOERG3Q086SBEA', 'DHCERG3Q086SBEA', 'DHLCRG3Q086SBEA', 'DHUTRG3Q086SBEA', 'DIFSRG3Q086SBEA', 'DMANEMP', 'DMOTRG3Q086SBEA', 'DNDGRG3Q086SBEA', 'DODGRG3Q086SBEA', 'DONGRG3Q086SBEA', 'DOTSRG3Q086SBEA', 'DPIC96', 'DRCARG3Q086SBEA', 'DREQRG3Q086SBEA', 'DRIWCIL', 'DSERRG3Q086SBEA', 'DTCOLNVHFNM', 'DTCTHFNM', 'DTRSRG3Q086SBEA', 'EXCAUSx', 'EXJPUSx', 'EXPGSC1', 'EXSZUSx', 'EXUSEU', 'EXUSUKx', 'FEDFUNDS', 'FGRECPTx', 'FPIx', 'GCEC1', 'GDPCTPI', 'GFDEBTNx', 'GFDEGDQ188S', 'GPDIC1', 'GPDICTPI', 'GS1', 'GS10', 'GS10TB3Mx', 'GS1TB3Mx', 'GS5', 'HNOREMQ027Sx', 'HOABS', 'HOAMS', 'HOANBS', 'HOUST', 'HOUST5F', 'HOUSTMW', 'HOUSTNE', 'HOUSTS', 'HOUSTW', 'HWIURATIOx', 'HWIx', 'IMPGSC1', 'INDPRO', 'INVCQRMTSPL', 'INVEST', 'IPB51110SQ', 'IPB51220SQ', 'IPB51222S', 'IPBUSEQ', 'IPCONGD', 'IPDBS', 'IPDCONGD', 'IPDMAT']",[],gdp_saar_third_h1,1.6462960600852967,0.0,0.04837179195601493,10,3a16d9b090c68b17,False,0.7.0,1.6462960600852967,0.0,third,realtime_qoq_saar,saar_growth,pct_qoq_saar,gdpc1_qoq_saar_third_pct,processed
mean,/Users/rayhanmomin/code/fev-macro/results/processed_standard/gdpc1_qoq_saar_third_pct_dataset.parquet,,1,10,-10,1,1,,4,RMSE,[],[],id,timestamp,target,,[],"['A014RE1Q156NBEA', 'A823RL1Q225SBEA', 'AAA', 'AAAFFM', 'ACOGNOx', 'AHETPIx', 'AMDMNOx', 'AMDMUOx', 'ANDENOx', 'AWHMAN', 'AWHNONAG', 'AWOTMAN', 'B020RE1Q156NBEA', 'B021RE1Q156NBEA', 'BAA', 'BAA10YM', 'BOGMBASEREALx', 'BUSINVx', 'BUSLOANSx', 'CE16OV', 'CES0600000007', 'CES0600000008', 'CES2000000008x', 'CES3000000008x', 'CES9091000001', 'CES9092000001', 'CES9093000001', 'CIVPART', 'CLAIMSx', 'CMRMTSPLx', 'CNCFx', 'COMPAPFF', 'COMPRMS', 'COMPRNFB', 'CONSPIx', 'CONSUMERx', 'CP3M', 'CPF3MTB3Mx', 'CPIAPPSL', 'CPIAUCSL', 'CPILFESL', 'CPIMEDSL', 'CPITRNSL', 'CPIULFSL', 'CUMFNS', 'CUSR0000SA0L2', 'CUSR0000SA0L5', 'CUSR0000SAC', 'CUSR0000SAD', 'CUSR0000SAS', 'CUSR0000SEHC', 'DCLORG3Q086SBEA', 'DDURRG3Q086SBEA', 'DFDHRG3Q086SBEA', 'DFSARG3Q086SBEA', 'DFXARG3Q086SBEA', 'DGDSRG3Q086SBEA', 'DGOERG3Q086SBEA', 'DHCERG3Q086SBEA', 'DHLCRG3Q086SBEA', 'DHUTRG3Q086SBEA', 'DIFSRG3Q086SBEA', 'DMANEMP', 'DMOTRG3Q086SBEA', 'DNDGRG3Q086SBEA', 'DODGRG3Q086SBEA', 'DONGRG3Q086SBEA', 'DOTSRG3Q086SBEA', 'DPIC96', 'DRCARG3Q086SBEA', 'DREQRG3Q086SBEA', 'DRIWCIL', 'DSERRG3Q086SBEA', 'DTCOLNVHFNM', 'DTCTHFNM', 'DTRSRG3Q086SBEA', 'EXCAUSx', 'EXJPUSx', 'EXPGSC1', 'EXSZUSx', 'EXUSEU', 'EXUSUKx', 'FEDFUNDS', 'FGRECPTx', 'FPIx', 'GCEC1', 'GDPCTPI', 'GFDEBTNx', 'GFDEGDQ188S', 'GPDIC1', 'GPDICTPI', 'GS1', 'GS10', 'GS10TB3Mx', 'GS1TB3Mx', 'GS5', 'HNOREMQ027Sx', 'HOABS', 'HOAMS', 'HOANBS', 'HOUST', 'HOUST5F', 'HOUSTMW', 'HOUSTNE', 'HOUSTS', 'HOUSTW', 'HWIURATIOx', 'HWIx', 'IMPGSC1', 'INDPRO', 'INVCQRMTSPL', 'INVEST', 'IPB51110SQ', 'IPB51220SQ', 'IPB51222S', 'IPBUSEQ', 'IPCONGD', 'IPDBS', 'IPDCONGD', 'IPDMAT']",[],gdp_saar_third_h1,1.0859728515148164,0.0,0.048043249058537185,10,3a16d9b090c68b17,False,0.7.0,1.0859728515148164,0.0,third,realtime_qoq_saar,saar_growth,pct_qoq_saar,gdpc1_qoq_saar_third_pct,processed
ar4,/Users/rayhanmomin/code/fev-macro/results/processed_standard/gdpc1_qoq_saar_third_pct_dataset.parquet,,1,10,-10,1,1,,4,RMSE,[],[],id,timestamp,target,,[],"['A014RE1Q156NBEA', 'A823RL1Q225SBEA', 'AAA', 'AAAFFM', 'ACOGNOx', 'AHETPIx', 'AMDMNOx', 'AMDMUOx', 'ANDENOx', 'AWHMAN', 'AWHNONAG', 'AWOTMAN', 'B020RE1Q156NBEA', 'B021RE1Q156NBEA', 'BAA', 'BAA10YM', 'BOGMBASEREALx', 'BUSINVx', 'BUSLOANSx', 'CE16OV', 'CES0600000007', 'CES0600000008', 'CES2000000008x', 'CES3000000008x', 'CES9091000001', 'CES9092000001', 'CES9093000001', 'CIVPART', 'CLAIMSx', 'CMRMTSPLx', 'CNCFx', 'COMPAPFF', 'COMPRMS', 'COMPRNFB', 'CONSPIx', 'CONSUMERx', 'CP3M', 'CPF3MTB3Mx', 'CPIAPPSL', 'CPIAUCSL', 'CPILFESL', 'CPIMEDSL', 'CPITRNSL', 'CPIULFSL', 'CUMFNS', 'CUSR0000SA0L2', 'CUSR0000SA0L5', 'CUSR0000SAC', 'CUSR0000SAD', 'CUSR0000SAS', 'CUSR0000SEHC', 'DCLORG3Q086SBEA', 'DDURRG3Q086SBEA', 'DFDHRG3Q086SBEA', 'DFSARG3Q086SBEA', 'DFXARG3Q086SBEA', 'DGDSRG3Q086SBEA', 'DGOERG3Q086SBEA', 'DHCERG3Q086SBEA', 'DHLCRG3Q086SBEA', 'DHUTRG3Q086SBEA', 'DIFSRG3Q086SBEA', 'DMANEMP', 'DMOTRG3Q086SBEA', 'DNDGRG3Q086SBEA', 'DODGRG3Q086SBEA', 'DONGRG3Q086SBEA', 'DOTSRG3Q086SBEA', 'DPIC96', 'DRCARG3Q086SBEA', 'DREQRG3Q086SBEA', 'DRIWCIL', 'DSERRG3Q086SBEA', 'DTCOLNVHFNM', 'DTCTHFNM', 'DTRSRG3Q086SBEA', 'EXCAUSx', 'EXJPUSx', 'EXPGSC1', 'EXSZUSx', 'EXUSEU', 'EXUSUKx', 'FEDFUNDS', 'FGRECPTx', 'FPIx', 'GCEC1', 'GDPCTPI', 'GFDEBTNx', 'GFDEGDQ188S', 'GPDIC1', 'GPDICTPI', 'GS1', 'GS10', 'GS10TB3Mx', 'GS1TB3Mx', 'GS5', 'HNOREMQ027Sx', 'HOABS', 'HOAMS', 'HOANBS', 'HOUST', 'HOUST5F', 'HOUSTMW', 'HOUSTNE', 'HOUSTS', 'HOUSTW', 'HWIURATIOx', 'HWIx', 'IMPGSC1', 'INDPRO', 'INVCQRMTSPL', 'INVEST', 'IPB51110SQ', 'IPB51220SQ', 'IPB51222S', 'IPBUSEQ', 'IPCONGD', 'IPDBS', 'IPDCONGD', 'IPDMAT']",[],gdp_saar_third_h1,1.1264588057994842,0.0,0.058295416878536344,10,3a16d9b090c68b17,False,0.7.0,1.1264588057994842,0.0,third,realtime_qoq_saar,saar_growth,pct_qoq_saar,gdpc1_qoq_saar_third_pct,processed
auto_arima,/Users/rayhanmomin/code/fev-macro/results/processed_standard/gdpc1_qoq_saar_third_pct_dataset.parquet,,1,10,-10,1,1,,4,RMSE,[],[],id,timestamp,target,,[],"['A014RE1Q156NBEA', 'A823RL1Q225SBEA', 'AAA', 'AAAFFM', 'ACOGNOx', 'AHETPIx', 'AMDMNOx', 'AMDMUOx', 'ANDENOx', 'AWHMAN', 'AWHNONAG', 'AWOTMAN', 'B020RE1Q156NBEA', 'B021RE1Q156NBEA', 'BAA', 'BAA10YM', 'BOGMBASEREALx', 'BUSINVx', 'BUSLOANSx', 'CE16OV', 'CES0600000007', 'CES0600000008', 'CES2000000008x', 'CES3000000008x', 'CES9091000001', 'CES9092000001', 'CES9093000001', 'CIVPART', 'CLAIMSx', 'CMRMTSPLx', 'CNCFx', 'COMPAPFF', 'COMPRMS', 'COMPRNFB', 'CONSPIx', 'CONSUMERx', 'CP3M', 'CPF3MTB3Mx', 'CPIAPPSL', 'CPIAUCSL', 'CPILFESL', 'CPIMEDSL', 'CPITRNSL', 'CPIULFSL', 'CUMFNS', 'CUSR0000SA0L2', 'CUSR0000SA0L5', 'CUSR0000SAC', 'CUSR0000SAD', 'CUSR0000SAS', 'CUSR0000SEHC', 'DCLORG3Q086SBEA', 'DDURRG3Q086SBEA', 'DFDHRG3Q086SBEA', 'DFSARG3Q086SBEA', 'DFXARG3Q086SBEA', 'DGDSRG3Q086SBEA', 'DGOERG3Q086SBEA', 'DHCERG3Q086SBEA', 'DHLCRG3Q086SBEA', 'DHUTRG3Q086SBEA', 'DIFSRG3Q086SBEA', 'DMANEMP', 'DMOTRG3Q086SBEA', 'DNDGRG3Q086SBEA', 'DODGRG3Q086SBEA', 'DONGRG3Q086SBEA', 'DOTSRG3Q086SBEA', 'DPIC96', 'DRCARG3Q086SBEA', 'DREQRG3Q086SBEA', 'DRIWCIL', 'DSERRG3Q086SBEA', 'DTCOLNVHFNM', 'DTCTHFNM', 'DTRSRG3Q086SBEA', 'EXCAUSx', 'EXJPUSx', 'EXPGSC1', 'EXSZUSx', 'EXUSEU', 'EXUSUKx', 'FEDFUNDS', 'FGRECPTx', 'FPIx', 'GCEC1', 'GDPCTPI', 'GFDEBTNx', 'GFDEGDQ188S', 'GPDIC1', 'GPDICTPI', 'GS1', 'GS10', 'GS10TB3Mx', 'GS1TB3Mx', 'GS5', 'HNOREMQ027Sx', 'HOABS', 'HOAMS', 'HOANBS', 'HOUST', 'HOUST5F', 'HOUSTMW', 'HOUSTNE', 'HOUSTS', 'HOUSTW', 'HWIURATIOx', 'HWIx', 'IMPGSC1', 'INDPRO', 'INVCQRMTSPL', 'INVEST', 'IPB51110SQ', 'IPB51220SQ', 'IPB51222S', 'IPBUSEQ', 'IPCONGD', 'IPDBS', 'IPDCONGD', 'IPDMAT']",[],gdp_saar_third_h1,1.2615958034992218,0.0,7.242258959216997,10,3a16d9b090c68b17,False,0.7.0,1.2615958034992218,0.0,third,realtime_qoq_saar,saar_growth,pct_qoq_saar,gdpc1_qoq_saar_third_pct,processed
theta,/Users/rayhanmomin/code/fev-macro/results/processed_standard/gdpc1_qoq_saar_third_pct_dataset.parquet,,1,10,-10,1,1,,4,RMSE,[],[],id,timestamp,target,,[],"['A014RE1Q156NBEA', 'A823RL1Q225SBEA', 'AAA', 'AAAFFM', 'ACOGNOx', 'AHETPIx', 'AMDMNOx', 'AMDMUOx', 'ANDENOx', 'AWHMAN', 'AWHNONAG', 'AWOTMAN', 'B020RE1Q156NBEA', 'B021RE1Q156NBEA', 'BAA', 'BAA10YM', 'BOGMBASEREALx', 'BUSINVx', 'BUSLOANSx', 'CE16OV', 'CES0600000007', 'CES0600000008', 'CES2000000008x', 'CES3000000008x', 'CES9091000001', 'CES9092000001', 'CES9093000001', 'CIVPART', 'CLAIMSx', 'CMRMTSPLx', 'CNCFx', 'COMPAPFF', 'COMPRMS', 'COMPRNFB', 'CONSPIx', 'CONSUMERx', 'CP3M', 'CPF3MTB3Mx', 'CPIAPPSL', 'CPIAUCSL', 'CPILFESL', 'CPIMEDSL', 'CPITRNSL', 'CPIULFSL', 'CUMFNS', 'CUSR0000SA0L2', 'CUSR0000SA0L5', 'CUSR0000SAC', 'CUSR0000SAD', 'CUSR0000SAS', 'CUSR0000SEHC', 'DCLORG3Q086SBEA', 'DDURRG3Q086SBEA', 'DFDHRG3Q086SBEA', 'DFSARG3Q086SBEA', 'DFXARG3Q086SBEA', 'DGDSRG3Q086SBEA', 'DGOERG3Q086SBEA', 'DHCERG3Q086SBEA', 'DHLCRG3Q086SBEA', 'DHUTRG3Q086SBEA', 'DIFSRG3Q086SBEA', 'DMANEMP', 'DMOTRG3Q086SBEA', 'DNDGRG3Q086SBEA', 'DODGRG3Q086SBEA', 'DONGRG3Q086SBEA', 'DOTSRG3Q086SBEA', 'DPIC96', 'DRCARG3Q086SBEA', 'DREQRG3Q086SBEA', 'DRIWCIL', 'DSERRG3Q086SBEA', 'DTCOLNVHFNM', 'DTCTHFNM', 'DTRSRG3Q086SBEA', 'EXCAUSx', 'EXJPUSx', 'EXPGSC1', 'EXSZUSx', 'EXUSEU', 'EXUSUKx', 'FEDFUNDS', 'FGRECPTx', 'FPIx', 'GCEC1', 'GDPCTPI', 'GFDEBTNx', 'GFDEGDQ188S', 'GPDIC1', 'GPDICTPI', 'GS1', 'GS10', 'GS10TB3Mx', 'GS1TB3Mx', 'GS5', 'HNOREMQ027Sx', 'HOABS', 'HOAMS', 'HOANBS', 'HOUST', 'HOUST5F', 'HOUSTMW', 'HOUSTNE', 'HOUSTS', 'HOUSTW', 'HWIURATIOx', 'HWIx', 'IMPGSC1', 'INDPRO', 'INVCQRMTSPL', 'INVEST', 'IPB51110SQ', 'IPB51220SQ', 'IPB51222S', 'IPBUSEQ', 'IPCONGD', 'IPDBS', 'IPDCONGD', 'IPDMAT']",[],gdp_saar_third_h1,1.1132806479930877,0.0,0.11129462590906769,10,3a16d9b090c68b17,False,0.7.0,1.1132806479930877,0.0,third,realtime_qoq_saar,saar_growth,pct_qoq_saar,gdpc1_qoq_saar_third_pct,processed
auto_ets,/Users/rayhanmomin/code/fev-macro/results/processed_standard/gdpc1_qoq_saar_third_pct_dataset.parquet,,1,10,-10,1,1,,4,RMSE,[],[],id,timestamp,target,,[],"['A014RE1Q156NBEA', 'A823RL1Q225SBEA', 'AAA', 'AAAFFM', 'ACOGNOx', 'AHETPIx', 'AMDMNOx', 'AMDMUOx', 'ANDENOx', 'AWHMAN', 'AWHNONAG', 'AWOTMAN', 'B020RE1Q156NBEA', 'B021RE1Q156NBEA', 'BAA', 'BAA10YM', 'BOGMBASEREALx', 'BUSINVx', 'BUSLOANSx', 'CE16OV', 'CES0600000007', 'CES0600000008', 'CES2000000008x', 'CES3000000008x', 'CES9091000001', 'CES9092000001', 'CES9093000001', 'CIVPART', 'CLAIMSx', 'CMRMTSPLx', 'CNCFx', 'COMPAPFF', 'COMPRMS', 'COMPRNFB', 'CONSPIx', 'CONSUMERx', 'CP3M', 'CPF3MTB3Mx', 'CPIAPPSL', 'CPIAUCSL', 'CPILFESL', 'CPIMEDSL', 'CPITRNSL', 'CPIULFSL', 'CUMFNS', 'CUSR0000SA0L2', 'CUSR0000SA0L5', 'CUSR0000SAC', 'CUSR0000SAD', 'CUSR0000SAS', 'CUSR0000SEHC', 'DCLORG3Q086SBEA', 'DDURRG3Q086SBEA', 'DFDHRG3Q086SBEA', 'DFSARG3Q086SBEA', 'DFXARG3Q086SBEA', 'DGDSRG3Q086SBEA', 'DGOERG3Q086SBEA', 'DHCERG3Q086SBEA', 'DHLCRG3Q086SBEA', 'DHUTRG3Q086SBEA', 'DIFSRG3Q086SBEA', 'DMANEMP', 'DMOTRG3Q086SBEA', 'DNDGRG3Q086SBEA', 'DODGRG3Q086SBEA', 'DONGRG3Q086SBEA', 'DOTSRG3Q086SBEA', 'DPIC96', 'DRCARG3Q086SBEA', 'DREQRG3Q086SBEA', 'DRIWCIL', 'DSERRG3Q086SBEA', 'DTCOLNVHFNM', 'DTCTHFNM', 'DTRSRG3Q086SBEA', 'EXCAUSx', 'EXJPUSx', 'EXPGSC1', 'EXSZUSx', 'EXUSEU', 'EXUSUKx', 'FEDFUNDS', 'FGRECPTx', 'FPIx', 'GCEC1', 'GDPCTPI', 'GFDEBTNx', 'GFDEGDQ188S', 'GPDIC1', 'GPDICTPI', 'GS1', 'GS10', 'GS10TB3Mx', 'GS1TB3Mx', 'GS5', 'HNOREMQ027Sx', 'HOABS', 'HOAMS', 'HOANBS', 'HOUST', 'HOUST5F', 'HOUSTMW', 'HOUSTNE', 'HOUSTS', 'HOUSTW', 'HWIURATIOx', 'HWIx', 'IMPGSC1', 'INDPRO', 'INVCQRMTSPL', 'INVEST', 'IPB51110SQ', 'IPB51220SQ', 'IPB51222S', 'IPBUSEQ', 'IPCONGD', 'IPDBS', 'IPDCONGD', 'IPDMAT']",[],gdp_saar_third_h1,1.3117899358272553,0.0,0.34727041714359075,10,3a16d9b090c68b17,False,0.7.0,1.3117899358272553,0.0,third,realtime_qoq_saar,saar_growth,pct_qoq_saar,gdpc1_qoq_saar_third_pct,processed
random_forest,/Users/rayhanmomin/code/fev-macro/results/processed_standard/gdpc1_qoq_saar_third_pct_dataset.parquet,,1,10,-10,1,1,,4,RMSE,[],[],id,timestamp,target,,[],"['A014RE1Q156NBEA', 'A823RL1Q225SBEA', 'AAA', 'AAAFFM', 'ACOGNOx', 'AHETPIx', 'AMDMNOx', 'AMDMUOx', 'ANDENOx', 'AWHMAN', 'AWHNONAG', 'AWOTMAN', 'B020RE1Q156NBEA', 'B021RE1Q156NBEA', 'BAA', 'BAA10YM', 'BOGMBASEREALx', 'BUSINVx', 'BUSLOANSx', 'CE16OV', 'CES0600000007', 'CES0600000008', 'CES2000000008x', 'CES3000000008x', 'CES9091000001', 'CES9092000001', 'CES9093000001', 'CIVPART', 'CLAIMSx', 'CMRMTSPLx', 'CNCFx', 'COMPAPFF', 'COMPRMS', 'COMPRNFB', 'CONSPIx', 'CONSUMERx', 'CP3M', 'CPF3MTB3Mx', 'CPIAPPSL', 'CPIAUCSL', 'CPILFESL', 'CPIMEDSL', 'CPITRNSL', 'CPIULFSL', 'CUMFNS', 'CUSR0000SA0L2', 'CUSR0000SA0L5', 'CUSR0000SAC', 'CUSR0000SAD', 'CUSR0000SAS', 'CUSR0000SEHC', 'DCLORG3Q086SBEA', 'DDURRG3Q086SBEA', 'DFDHRG3Q086SBEA', 'DFSARG3Q086SBEA', 'DFXARG3Q086SBEA', 'DGDSRG3Q086SBEA', 'DGOERG3Q086SBEA', 'DHCERG3Q086SBEA', 'DHLCRG3Q086SBEA', 'DHUTRG3Q086SBEA', 'DIFSRG3Q086SBEA', 'DMANEMP', 'DMOTRG3Q086SBEA', 'DNDGRG3Q086SBEA', 'DODGRG3Q086SBEA', 'DONGRG3Q086SBEA', 'DOTSRG3Q086SBEA', 'DPIC96', 'DRCARG3Q086SBEA', 'DREQRG3Q086SBEA', 'DRIWCIL', 'DSERRG3Q086SBEA', 'DTCOLNVHFNM', 'DTCTHFNM', 'DTRSRG3Q086SBEA', 'EXCAUSx', 'EXJPUSx', 'EXPGSC1', 'EXSZUSx', 'EXUSEU', 'EXUSUKx', 'FEDFUNDS', 'FGRECPTx', 'FPIx', 'GCEC1', 'GDPCTPI', 'GFDEBTNx', 'GFDEGDQ188S', 'GPDIC1', 'GPDICTPI', 'GS1', 'GS10', 'GS10TB3Mx', 'GS1TB3Mx', 'GS5', 'HNOREMQ027Sx', 'HOABS', 'HOAMS', 'HOANBS', 'HOUST', 'HOUST5F', 'HOUSTMW', 'HOUSTNE', 'HOUSTS', 'HOUSTW', 'HWIURATIOx', 'HWIx', 'IMPGSC1', 'INDPRO', 'INVCQRMTSPL', 'INVEST', 'IPB51110SQ', 'IPB51220SQ', 'IPB51222S', 'IPBUSEQ', 'IPCONGD', 'IPDBS', 'IPDCONGD', 'IPDMAT']",[],gdp_saar_third_h1,1.5926490284502506,0.0,1.2325496253324673,10,3a16d9b090c68b17,False,0.7.0,1.5926490284502506,0.0,third,realtime_qoq_saar,saar_growth,pct_qoq_saar,gdpc1_qoq_saar_third_pct,processed
xgboost,/Users/rayhanmomin/code/fev-macro/results/processed_standard/gdpc1_qoq_saar_third_pct_dataset.parquet,,1,10,-10,1,1,,4,RMSE,[],[],id,timestamp,target,,[],"['A014RE1Q156NBEA', 'A823RL1Q225SBEA', 'AAA', 'AAAFFM', 'ACOGNOx', 'AHETPIx', 'AMDMNOx', 'AMDMUOx', 'ANDENOx', 'AWHMAN', 'AWHNONAG', 'AWOTMAN', 'B020RE1Q156NBEA', 'B021RE1Q156NBEA', 'BAA', 'BAA10YM', 'BOGMBASEREALx', 'BUSINVx', 'BUSLOANSx', 'CE16OV', 'CES0600000007', 'CES0600000008', 'CES2000000008x', 'CES3000000008x', 'CES9091000001', 'CES9092000001', 'CES9093000001', 'CIVPART', 'CLAIMSx', 'CMRMTSPLx', 'CNCFx', 'COMPAPFF', 'COMPRMS', 'COMPRNFB', 'CONSPIx', 'CONSUMERx', 'CP3M', 'CPF3MTB3Mx', 'CPIAPPSL', 'CPIAUCSL', 'CPILFESL', 'CPIMEDSL', 'CPITRNSL', 'CPIULFSL', 'CUMFNS', 'CUSR0000SA0L2', 'CUSR0000SA0L5', 'CUSR0000SAC', 'CUSR0000SAD', 'CUSR0000SAS', 'CUSR0000SEHC', 'DCLORG3Q086SBEA', 'DDURRG3Q086SBEA', 'DFDHRG3Q086SBEA', 'DFSARG3Q086SBEA', 'DFXARG3Q086SBEA', 'DGDSRG3Q086SBEA', 'DGOERG3Q086SBEA', 'DHCERG3Q086SBEA', 'DHLCRG3Q086SBEA', 'DHUTRG3Q086SBEA', 'DIFSRG3Q086SBEA', 'DMANEMP', 'DMOTRG3Q086SBEA', 'DNDGRG3Q086SBEA', 'DODGRG3Q086SBEA', 'DONGRG3Q086SBEA', 'DOTSRG3Q086SBEA', 'DPIC96', 'DRCARG3Q086SBEA', 'DREQRG3Q086SBEA', 'DRIWCIL', 'DSERRG3Q086SBEA', 'DTCOLNVHFNM', 'DTCTHFNM', 'DTRSRG3Q086SBEA', 'EXCAUSx', 'EXJPUSx', 'EXPGSC1', 'EXSZUSx', 'EXUSEU', 'EXUSUKx', 'FEDFUNDS', 'FGRECPTx', 'FPIx', 'GCEC1', 'GDPCTPI', 'GFDEBTNx', 'GFDEGDQ188S', 'GPDIC1', 'GPDICTPI', 'GS1', 'GS10', 'GS10TB3Mx', 'GS1TB3Mx', 'GS5', 'HNOREMQ027Sx', 'HOABS', 'HOAMS', 'HOANBS', 'HOUST', 'HOUST5F', 'HOUSTMW', 'HOUSTNE', 'HOUSTS', 'HOUSTW', 'HWIURATIOx', 'HWIx', 'IMPGSC1', 'INDPRO', 'INVCQRMTSPL', 'INVEST', 'IPB51110SQ', 'IPB51220SQ', 'IPB51222S', 'IPBUSEQ', 'IPCONGD', 'IPDBS', 'IPDCONGD', 'IPDMAT']",[],gdp_saar_third_h1,1.161549773439765,0.0,13.762321124901064,10,3a16d9b090c68b17,False,0.7.0,1.161549773439765,0.0,third,realtime_qoq_saar,saar_growth,pct_qoq_saar,gdpc1_qoq_saar_third_pct,processed
factor_pca_qd,/Users/rayhanmomin/code/fev-macro/results/processed_standard/gdpc1_qoq_saar_third_pct_dataset.parquet,,1,10,-10,1,1,,4,RMSE,[],[],id,timestamp,target,,[],"['A014RE1Q156NBEA', 'A823RL1Q225SBEA', 'AAA', 'AAAFFM', 'ACOGNOx', 'AHETPIx', 'AMDMNOx', 'AMDMUOx', 'ANDENOx', 'AWHMAN', 'AWHNONAG', 'AWOTMAN', 'B020RE1Q156NBEA', 'B021RE1Q156NBEA', 'BAA', 'BAA10YM', 'BOGMBASEREALx', 'BUSINVx', 'BUSLOANSx', 'CE16OV', 'CES0600000007', 'CES0600000008', 'CES2000000008x', 'CES3000000008x', 'CES9091000001', 'CES9092000001', 'CES9093000001', 'CIVPART', 'CLAIMSx', 'CMRMTSPLx', 'CNCFx', 'COMPAPFF', 'COMPRMS', 'COMPRNFB', 'CONSPIx', 'CONSUMERx', 'CP3M', 'CPF3MTB3Mx', 'CPIAPPSL', 'CPIAUCSL', 'CPILFESL', 'CPIMEDSL', 'CPITRNSL', 'CPIULFSL', 'CUMFNS', 'CUSR0000SA0L2', 'CUSR0000SA0L5', 'CUSR0000SAC', 'CUSR0000SAD', 'CUSR0000SAS', 'CUSR0000SEHC', 'DCLORG3Q086SBEA', 'DDURRG3Q086SBEA', 'DFDHRG3Q086SBEA', 'DFSARG3Q086SBEA', 'DFXARG3Q086SBEA', 'DGDSRG3Q086SBEA', 'DGOERG3Q086SBEA', 'DHCERG3Q086SBEA', 'DHLCRG3Q086SBEA', 'DHUTRG3Q086SBEA', 'DIFSRG3Q086SBEA', 'DMANEMP', 'DMOTRG3Q086SBEA', 'DNDGRG3Q086SBEA', 'DODGRG3Q086SBEA', 'DONGRG3Q086SBEA', 'DOTSRG3Q086SBEA', 'DPIC96', 'DRCARG3Q086SBEA', 'DREQRG3Q086SBEA', 'DRIWCIL', 'DSERRG3Q086SBEA', 'DTCOLNVHFNM', 'DTCTHFNM', 'DTRSRG3Q086SBEA', 'EXCAUSx', 'EXJPUSx', 'EXPGSC1', 'EXSZUSx', 'EXUSEU', 'EXUSUKx', 'FEDFUNDS', 'FGRECPTx', 'FPIx', 'GCEC1', 'GDPCTPI', 'GFDEBTNx', 'GFDEGDQ188S', 'GPDIC1', 'GPDICTPI', 'GS1', 'GS10', 'GS10TB3Mx', 'GS1TB3Mx', 'GS5', 'HNOREMQ027Sx', 'HOABS', 'HOAMS', 'HOANBS', 'HOUST', 'HOUST5F', 'HOUSTMW', 'HOUSTNE', 'HOUSTS', 'HOUSTW', 'HWIURATIOx', 'HWIx', 'IMPGSC1', 'INDPRO', 'INVCQRMTSPL', 'INVEST', 'IPB51110SQ', 'IPB51220SQ', 'IPB51222S', 'IPBUSEQ', 'IPCONGD', 'IPDBS', 'IPDCONGD', 'IPDMAT']",[],gdp_saar_third_h1,1.1913152515888215,0.0,0.204960708739236,10,3a16d9b090c68b17,False,0.7.0,1.1913152515888215,0.0,third,realtime_qoq_saar,saar_growth,pct_qoq_saar,gdpc1_qoq_saar_third_pct,processed
mixed_freq_dfm_md,/Users/rayhanmomin/code/fev-macro/results/processed_standard/gdpc1_qoq_saar_third_pct_dataset.parquet,,1,10,-10,1,1,,4,RMSE,[],[],id,timestamp,target,,[],"['A014RE1Q156NBEA', 'A823RL1Q225SBEA', 'AAA', 'AAAFFM', 'ACOGNOx', 'AHETPIx', 'AMDMNOx', 'AMDMUOx', 'ANDENOx', 'AWHMAN', 'AWHNONAG', 'AWOTMAN', 'B020RE1Q156NBEA', 'B021RE1Q156NBEA', 'BAA', 'BAA10YM', 'BOGMBASEREALx', 'BUSINVx', 'BUSLOANSx', 'CE16OV', 'CES0600000007', 'CES0600000008', 'CES2000000008x', 'CES3000000008x', 'CES9091000001', 'CES9092000001', 'CES9093000001', 'CIVPART', 'CLAIMSx', 'CMRMTSPLx', 'CNCFx', 'COMPAPFF', 'COMPRMS', 'COMPRNFB', 'CONSPIx', 'CONSUMERx', 'CP3M', 'CPF3MTB3Mx', 'CPIAPPSL', 'CPIAUCSL', 'CPILFESL', 'CPIMEDSL', 'CPITRNSL', 'CPIULFSL', 'CUMFNS', 'CUSR0000SA0L2', 'CUSR0000SA0L5', 'CUSR0000SAC', 'CUSR0000SAD', 'CUSR0000SAS', 'CUSR0000SEHC', 'DCLORG3Q086SBEA', 'DDURRG3Q086SBEA', 'DFDHRG3Q086SBEA', 'DFSARG3Q086SBEA', 'DFXARG3Q086SBEA', 'DGDSRG3Q086SBEA', 'DGOERG3Q086SBEA', 'DHCERG3Q086SBEA', 'DHLCRG3Q086SBEA', 'DHUTRG3Q086SBEA', 'DIFSRG3Q086SBEA', 'DMANEMP', 'DMOTRG3Q086SBEA', 'DNDGRG3Q086SBEA', 'DODGRG3Q086SBEA', 'DONGRG3Q086SBEA', 'DOTSRG3Q086SBEA', 'DPIC96', 'DRCARG3Q086SBEA', 'DREQRG3Q086SBEA', 'DRIWCIL', 'DSERRG3Q086SBEA', 'DTCOLNVHFNM', 'DTCTHFNM', 'DTRSRG3Q086SBEA', 'EXCAUSx', 'EXJPUSx', 'EXPGSC1', 'EXSZUSx', 'EXUSEU', 'EXUSUKx', 'FEDFUNDS', 'FGRECPTx', 'FPIx', 'GCEC1', 'GDPCTPI', 'GFDEBTNx', 'GFDEGDQ188S', 'GPDIC1', 'GPDICTPI', 'GS1', 'GS10', 'GS10TB3Mx', 'GS1TB3Mx', 'GS5', 'HNOREMQ027Sx', 'HOABS', 'HOAMS', 'HOANBS', 'HOUST', 'HOUST5F', 'HOUSTMW', 'HOUSTNE', 'HOUSTS', 'HOUSTW', 'HWIURATIOx', 'HWIx', 'IMPGSC1', 'INDPRO', 'INVCQRMTSPL', 'INVEST', 'IPB51110SQ', 'IPB51220SQ', 'IPB51222S', 'IPBUSEQ', 'IPCONGD', 'IPDBS', 'IPDCONGD', 'IPDMAT']",[],gdp_saar_third_h1,1.9582091748714447,0.0,0.08486858080141246,10,3a16d9b090c68b17,False,0.7.0,1.9582091748714447,0.0,third,realtime_qoq_saar,saar_growth,pct_qoq_saar,gdpc1_qoq_saar_third_pct,processed
bvar_minnesota_growth_8,/Users/rayhanmomin/code/fev-macro/results/processed_standard/gdpc1_qoq_saar_third_pct_dataset.parquet,,1,10,-10,1,1,,4,RMSE,[],[],id,timestamp,target,,[],"['A014RE1Q156NBEA', 'A823RL1Q225SBEA', 'AAA', 'AAAFFM', 'ACOGNOx', 'AHETPIx', 'AMDMNOx', 'AMDMUOx', 'ANDENOx', 'AWHMAN', 'AWHNONAG', 'AWOTMAN', 'B020RE1Q156NBEA', 'B021RE1Q156NBEA', 'BAA', 'BAA10YM', 'BOGMBASEREALx', 'BUSINVx', 'BUSLOANSx', 'CE16OV', 'CES0600000007', 'CES0600000008', 'CES2000000008x', 'CES3000000008x', 'CES9091000001', 'CES9092000001', 'CES9093000001', 'CIVPART', 'CLAIMSx', 'CMRMTSPLx', 'CNCFx', 'COMPAPFF', 'COMPRMS', 'COMPRNFB', 'CONSPIx', 'CONSUMERx', 'CP3M', 'CPF3MTB3Mx', 'CPIAPPSL', 'CPIAUCSL', 'CPILFESL', 'CPIMEDSL', 'CPITRNSL', 'CPIULFSL', 'CUMFNS', 'CUSR0000SA0L2', 'CUSR0000SA0L5', 'CUSR0000SAC', 'CUSR0000SAD', 'CUSR0000SAS', 'CUSR0000SEHC', 'DCLORG3Q086SBEA', 'DDURRG3Q086SBEA', 'DFDHRG3Q086SBEA', 'DFSARG3Q086SBEA', 'DFXARG3Q086SBEA', 'DGDSRG3Q086SBEA', 'DGOERG3Q086SBEA', 'DHCERG3Q086SBEA', 'DHLCRG3Q086SBEA', 'DHUTRG3Q086SBEA', 'DIFSRG3Q086SBEA', 'DMANEMP', 'DMOTRG3Q086SBEA', 'DNDGRG3Q086SBEA', 'DODGRG3Q086SBEA', 'DONGRG3Q086SBEA', 'DOTSRG3Q086SBEA', 'DPIC96', 'DRCARG3Q086SBEA', 'DREQRG3Q086SBEA', 'DRIWCIL', 'DSERRG3Q086SBEA', 'DTCOLNVHFNM', 'DTCTHFNM', 'DTRSRG3Q086SBEA', 'EXCAUSx', 'EXJPUSx', 'EXPGSC1', 'EXSZUSx', 'EXUSEU', 'EXUSUKx', 'FEDFUNDS', 'FGRECPTx', 'FPIx', 'GCEC1', 'GDPCTPI', 'GFDEBTNx', 'GFDEGDQ188S', 'GPDIC1', 'GPDICTPI', 'GS1', 'GS10', 'GS10TB3Mx', 'GS1TB3Mx', 'GS5', 'HNOREMQ027Sx', 'HOABS', 'HOAMS', 'HOANBS', 'HOUST', 'HOUST5F', 'HOUSTMW', 'HOUSTNE', 'HOUSTS', 'HOUSTW', 'HWIURATIOx', 'HWIx', 'IMPGSC1', 'INDPRO', 'INVCQRMTSPL', 'INVEST', 'IPB51110SQ', 'IPB51220SQ', 'IPB51222S', 'IPBUSEQ', 'IPCONGD', 'IPDBS', 'IPDCONGD', 'IPDMAT']",[],gdp_saar_third_h1,1.1616840541362763,0.0,0.11321079090703279,10,3a16d9b090c68b17,False,0.7.0,1.1616840541362763,0.0,third,realtime_qoq_saar,saar_growth,pct_qoq_saar,gdpc1_qoq_saar_third_pct,processed
bvar_minnesota_growth_20,/Users/rayhanmomin/code/fev-macro/results/processed_standard/gdpc1_qoq_saar_third_pct_dataset.parquet,,1,10,-10,1,1,,4,RMSE,[],[],id,timestamp,target,,[],"['A014RE1Q156NBEA', 'A823RL1Q225SBEA', 'AAA', 'AAAFFM', 'ACOGNOx', 'AHETPIx', 'AMDMNOx', 'AMDMUOx', 'ANDENOx', 'AWHMAN', 'AWHNONAG', 'AWOTMAN', 'B020RE1Q156NBEA', 'B021RE1Q156NBEA', 'BAA', 'BAA10YM', 'BOGMBASEREALx', 'BUSINVx', 'BUSLOANSx', 'CE16OV', 'CES0600000007', 'CES0600000008', 'CES2000000008x', 'CES3000000008x', 'CES9091000001', 'CES9092000001', 'CES9093000001', 'CIVPART', 'CLAIMSx', 'CMRMTSPLx', 'CNCFx', 'COMPAPFF', 'COMPRMS', 'COMPRNFB', 'CONSPIx', 'CONSUMERx', 'CP3M', 'CPF3MTB3Mx', 'CPIAPPSL', 'CPIAUCSL', 'CPILFESL', 'CPIMEDSL', 'CPITRNSL', 'CPIULFSL', 'CUMFNS', 'CUSR0000SA0L2', 'CUSR0000SA0L5', 'CUSR0000SAC', 'CUSR0000SAD', 'CUSR0000SAS', 'CUSR0000SEHC', 'DCLORG3Q086SBEA', 'DDURRG3Q086SBEA', 'DFDHRG3Q086SBEA', 'DFSARG3Q086SBEA', 'DFXARG3Q086SBEA', 'DGDSRG3Q086SBEA', 'DGOERG3Q086SBEA', 'DHCERG3Q086SBEA', 'DHLCRG3Q086SBEA', 'DHUTRG3Q086SBEA', 'DIFSRG3Q086SBEA', 'DMANEMP', 'DMOTRG3Q086SBEA', 'DNDGRG3Q086SBEA', 'DODGRG3Q086SBEA', 'DONGRG3Q086SBEA', 'DOTSRG3Q086SBEA', 'DPIC96', 'DRCARG3Q086SBEA', 'DREQRG3Q086SBEA', 'DRIWCIL', 'DSERRG3Q086SBEA', 'DTCOLNVHFNM', 'DTCTHFNM', 'DTRSRG3Q086SBEA', 'EXCAUSx', 'EXJPUSx', 'EXPGSC1', 'EXSZUSx', 'EXUSEU', 'EXUSUKx', 'FEDFUNDS', 'FGRECPTx', 'FPIx', 'GCEC1', 'GDPCTPI', 'GFDEBTNx', 'GFDEGDQ188S', 'GPDIC1', 'GPDICTPI', 'GS1', 'GS10', 'GS10TB3Mx', 'GS1TB3Mx', 'GS5', 'HNOREMQ027Sx', 'HOABS', 'HOAMS', 'HOANBS', 'HOUST', 'HOUST5F', 'HOUSTMW', 'HOUSTNE', 'HOUSTS', 'HOUSTW', 'HWIURATIOx', 'HWIx', 'IMPGSC1', 'INDPRO', 'INVCQRMTSPL', 'INVEST', 'IPB51110SQ', 'IPB51220SQ', 'IPB51222S', 'IPBUSEQ', 'IPCONGD', 'IPDBS', 'IPDCONGD', 'IPDMAT']",[],gdp_saar_third_h1,1.3523792326450348,0.0,0.13261446100659668,10,3a16d9b090c68b17,False,0.7.0,1.3523792326450348,0.0,third,realtime_qoq_saar,saar_growth,pct_qoq_saar,gdpc1_qoq_saar_third_pct,processed
nyfed_nowcast_mqdfm,/Users/rayhanmomin/code/fev-macro/results/processed_standard/gdpc1_qoq_saar_third_pct_dataset.parquet,,1,10,-10,1,1,,4,RMSE,[],[],id,timestamp,target,,[],"['A014RE1Q156NBEA', 'A823RL1Q225SBEA', 'AAA', 'AAAFFM', 'ACOGNOx', 'AHETPIx', 'AMDMNOx', 'AMDMUOx', 'ANDENOx', 'AWHMAN', 'AWHNONAG', 'AWOTMAN', 'B020RE1Q156NBEA', 'B021RE1Q156NBEA', 'BAA', 'BAA10YM', 'BOGMBASEREALx', 'BUSINVx', 'BUSLOANSx', 'CE16OV', 'CES0600000007', 'CES0600000008', 'CES2000000008x', 'CES3000000008x', 'CES9091000001', 'CES9092000001', 'CES9093000001', 'CIVPART', 'CLAIMSx', 'CMRMTSPLx', 'CNCFx', 'COMPAPFF', 'COMPRMS', 'COMPRNFB', 'CONSPIx', 'CONSUMERx', 'CP3M', 'CPF3MTB3Mx', 'CPIAPPSL', 'CPIAUCSL', 'CPILFESL', 'CPIMEDSL', 'CPITRNSL', 'CPIULFSL', 'CUMFNS', 'CUSR0000SA0L2', 'CUSR0000SA0L5', 'CUSR0000SAC', 'CUSR0000SAD', 'CUSR0000SAS', 'CUSR0000SEHC', 'DCLORG3Q086SBEA', 'DDURRG3Q086SBEA', 'DFDHRG3Q086SBEA', 'DFSARG3Q086SBEA', 'DFXARG3Q086SBEA', 'DGDSRG3Q086SBEA', 'DGOERG3Q086SBEA', 'DHCERG3Q086SBEA', 'DHLCRG3Q086SBEA', 'DHUTRG3Q086SBEA', 'DIFSRG3Q086SBEA', 'DMANEMP', 'DMOTRG3Q086SBEA', 'DNDGRG3Q086SBEA', 'DODGRG3Q086SBEA', 'DONGRG3Q086SBEA', 'DOTSRG3Q086SBEA', 'DPIC96', 'DRCARG3Q086SBEA', 'DREQRG3Q086SBEA', 'DRIWCIL', 'DSERRG3Q086SBEA', 'DTCOLNVHFNM', 'DTCTHFNM', 'DTRSRG3Q086SBEA', 'EXCAUSx', 'EXJPUSx', 'EXPGSC1', 'EXSZUSx', 'EXUSEU', 'EXUSUKx', 'FEDFUNDS', 'FGRECPTx', 'FPIx', 'GCEC1', 'GDPCTPI', 'GFDEBTNx', 'GFDEGDQ188S', 'GPDIC1', 'GPDICTPI', 'GS1', 'GS10', 'GS10TB3Mx', 'GS1TB3Mx', 'GS5', 'HNOREMQ027Sx', 'HOABS', 'HOAMS', 'HOANBS', 'HOUST', 'HOUST5F', 'HOUSTMW', 'HOUSTNE', 'HOUSTS', 'HOUSTW', 'HWIURATIOx', 'HWIx', 'IMPGSC1', 'INDPRO', 'INVCQRMTSPL', 'INVEST', 'IPB51110SQ', 'IPB51220SQ', 'IPB51222S', 'IPBUSEQ', 'IPCONGD', 'IPDBS', 'IPDCONGD', 'IPDMAT']",[],gdp_saar_third_h1,1.6462960600852967,0.0,0.03582729084882885,10,3a16d9b090c68b17,False,0.7.0,1.6462960600852967,0.0,third,realtime_qoq_saar,saar_growth,pct_qoq_saar,gdpc1_qoq_saar_third_pct,processed
ecb_nowcast_mqdfm,/Users/rayhanmomin/code/fev-macro/results/processed_standard/gdpc1_qoq_saar_third_pct_dataset.parquet,,1,10,-10,1,1,,4,RMSE,[],[],id,timestamp,target,,[],"['A014RE1Q156NBEA', 'A823RL1Q225SBEA', 'AAA', 'AAAFFM', 'ACOGNOx', 'AHETPIx', 'AMDMNOx', 'AMDMUOx', 'ANDENOx', 'AWHMAN', 'AWHNONAG', 'AWOTMAN', 'B020RE1Q156NBEA', 'B021RE1Q156NBEA', 'BAA', 'BAA10YM', 'BOGMBASEREALx', 'BUSINVx', 'BUSLOANSx', 'CE16OV', 'CES0600000007', 'CES0600000008', 'CES2000000008x', 'CES3000000008x', 'CES9091000001', 'CES9092000001', 'CES9093000001', 'CIVPART', 'CLAIMSx', 'CMRMTSPLx', 'CNCFx', 'COMPAPFF', 'COMPRMS', 'COMPRNFB', 'CONSPIx', 'CONSUMERx', 'CP3M', 'CPF3MTB3Mx', 'CPIAPPSL', 'CPIAUCSL', 'CPILFESL', 'CPIMEDSL', 'CPITRNSL', 'CPIULFSL', 'CUMFNS', 'CUSR0000SA0L2', 'CUSR0000SA0L5', 'CUSR0000SAC', 'CUSR0000SAD', 'CUSR0000SAS', 'CUSR0000SEHC', 'DCLORG3Q086SBEA', 'DDURRG3Q086SBEA', 'DFDHRG3Q086SBEA', 'DFSARG3Q086SBEA', 'DFXARG3Q086SBEA', 'DGDSRG3Q086SBEA', 'DGOERG3Q086SBEA', 'DHCERG3Q086SBEA', 'DHLCRG3Q086SBEA', 'DHUTRG3Q086SBEA', 'DIFSRG3Q086SBEA', 'DMANEMP', 'DMOTRG3Q086SBEA', 'DNDGRG3Q086SBEA', 'DODGRG3Q086SBEA', 'DONGRG3Q086SBEA', 'DOTSRG3Q086SBEA', 'DPIC96', 'DRCARG3Q086SBEA', 'DREQRG3Q086SBEA', 'DRIWCIL', 'DSERRG3Q086SBEA', 'DTCOLNVHFNM', 'DTCTHFNM', 'DTRSRG3Q086SBEA', 'EXCAUSx', 'EXJPUSx', 'EXPGSC1', 'EXSZUSx', 'EXUSEU', 'EXUSUKx', 'FEDFUNDS', 'FGRECPTx', 'FPIx', 'GCEC1', 'GDPCTPI', 'GFDEBTNx', 'GFDEGDQ188S', 'GPDIC1', 'GPDICTPI', 'GS1', 'GS10', 'GS10TB3Mx', 'GS1TB3Mx', 'GS5', 'HNOREMQ027Sx', 'HOABS', 'HOAMS', 'HOANBS', 'HOUST', 'HOUST5F', 'HOUSTMW', 'HOUSTNE', 'HOUSTS', 'HOUSTW', 'HWIURATIOx', 'HWIx', 'IMPGSC1', 'INDPRO', 'INVCQRMTSPL', 'INVEST', 'IPB51110SQ', 'IPB51220SQ', 'IPB51222S', 'IPBUSEQ', 'IPCONGD', 'IPDBS', 'IPDCONGD', 'IPDMAT']",[],gdp_saar_third_h1,1.6462960600852967,0.0,0.03798479191027582,10,3a16d9b090c68b17,False,0.7.0,1.6462960600852967,0.0,third,realtime_qoq_saar,saar_growth,pct_qoq_saar,gdpc1_qoq_saar_third_pct,processed
